ts,token_id,mid,best_bid,best_ask,spread,mid_diff1,mid_diff2,ma3,std3,label
1779783764470,35168502681023429477067370934115172120607397900706971138168146010778726500910,0.505,0.01,0.99,0.98,0.0,0.0,0.505,0.0,0
1779783765458,35168502681023429477067370934115172120607397900706971138168146010778726500910,0.505,0.01,0.99,0.98,0.0,0.0,0.505,0.0,0
1779783766459,35168502681023429477067370934115172120607397900706971138168146010778726500910,0.505,0.01,0.99,0.98,0.0,0.0,0.505,0.0,0
1779783767456,35168502681023429477067370934115172120607397900706971138168146010778726500910,0.505,0.01,0.99,0.98,0.0,0.0,0.505,0.0,0
1779783768457,35168502681023429477067370934115172120607397900706971138168146010778726500910,0.505,0.01,0.99,0.98,0.0,0.0,0.505,0.0,0
1779783769455,35168502681023429477067370934115172120607397900706971138168146010778726500910,0.505,0.01,0.99,0.98,0.0,0.0,0.505,0.0,0
1779783770463,35168502681023429477067370934115172120607397900706971138168146010778726500910,0.505,0.01,0.99,0.98,0.0,0.0,0.505,0.0,0
1779783771460,35168502681023429477067370934115172120607397900706971138168146010778726500910,0.505,0.01,0.99,0.98,0.0,0.0,0.505,0.0,0
1779783772457,35168502681023429477067370934115172120607397900706971138168146010778726500910,0.505,0.01,0.99,0.98,0.0,0.0,0.505,0.0,0
1779783773458,35168502681023429477067370934115172120607397900706971138168146010778726500910,0.505,0.01,0.99,0.98,0.0,0.0,0.505,0.0,0
1779783774461,35168502681023429477067370934115172120607397900706971138168146010778726500910,0.505,0.01,0.99,0.98,0.0,0.0,0.505,0.0,0
1779783775463,35168502681023429477067370934115172120607397900706971138168146010778726500910,0.505,0.01,0.99,0.98,0.0,0.0,0.505,0.0,0
1779783776460,35168502681023429477067370934115172120607397900706971138168146010778726500910,0.505,0.01,0.99,0.98,0.0,0.0,0.505,0.0,0
1779783777456,35168502681023429477067370934115172120607397900706971138168146010778726500910,0.505,0.01,0.99,0.98,0.0,0.0,0.505,0.0,0
1779783778457,35168502681023429477067370934115172120607397900706971138168146010778726500910,0.505,0.01,0.99,0.98,0.0,0.0,0.505,0.0,0
1779783779464,35168502681023429477067370934115172120607397900706971138168146010778726500910,0.505,0.01,0.99,0.98,0.0,0.0,0.505,0.0,0
1779783780465,35168502681023429477067370934115172120607397900706971138168146010778726500910,0.505,0.01,0.99,0.98,0.0,0.0,0.505,0.0,0
1779783781457,35168502681023429477067370934115172120607397900706971138168146010778726500910,0.505,0.01,0.99,0.98,0.0,0.0,0.505,0.0,0
1779783782455,35168502681023429477067370934115172120607397900706971138168146010778726500910,0.505,0.01,0.99,0.98,0.0,0.0,0.505,0.0,0
1779783783462,35168502681023429477067370934115172120607397900706971138168146010778726500910,0.505,0.01,0.99,0.98,0.0,0.0,0.505,0.0,0
1779783784457,35168502681023429477067370934115172120607397900706971138168146010778726500910,0.505,0.01,0.99,0.98,0.0,0.0,0.505,0.0,0
1779783785465,35168502681023429477067370934115172120607397900706971138168146010778726500910,0.505,0.01,0.99,0.98,0.0,0.0,0.505,0.0,0
1779783786458,35168502681023429477067370934115172120607397900706971138168146010778726500910,0.505,0.01,0.99,0.98,0.0,0.0,0.505,0.0,0
1779783787457,35168502681023429477067370934115172120607397900706971138168146010778726500910,0.505,0.01,0.99,0.98,0.0,0.0,0.505,0.0,0
1779783788457,35168502681023429477067370934115172120607397900706971138168146010778726500910,0.505,0.01,0.99,0.98,0.0,0.0,0.505,0.0,0
1779783789468,35168502681023429477067370934115172120607397900706971138168146010778726500910,0.505,0.01,0.99,0.98,0.0,0.0,0.505,0.0,0
1779783790463,35168502681023429477067370934115172120607397900706971138168146010778726500910,0.505,0.01,0.99,0.98,0.0,0.0,0.505,0.0,0
1779783791463,35168502681023429477067370934115172120607397900706971138168146010778726500910,0.505,0.01,0.99,0.98,0.0,0.0,0.505,0.0,0
1779783792457,35168502681023429477067370934115172120607397900706971138168146010778726500910,0.505,0.01,0.99,0.98,0.0,0.0,0.505,0.0,0
1779783793462,35168502681023429477067370934115172120607397900706971138168146010778726500910,0.505,0.01,0.99,0.98,0.0,0.0,0.505,0.0,0
1779783794474,35168502681023429477067370934115172120607397900706971138168146010778726500910,0.505,0.01,0.99,0.98,0.0,0.0,0.505,0.0,0
1779783795460,35168502681023429477067370934115172120607397900706971138168146010778726500910,0.505,0.01,0.99,0.98,0.0,0.0,0.505,0.0,0
1779783796455,35168502681023429477067370934115172120607397900706971138168146010778726500910,0.505,0.01,0.99,0.98,0.0,0.0,0.505,0.0,0
1779783797464,35168502681023429477067370934115172120607397900706971138168146010778726500910,0.505,0.01,0.99,0.98,0.0,0.0,0.505,0.0,0
1779783798458,35168502681023429477067370934115172120607397900706971138168146010778726500910,0.505,0.01,0.99,0.98,0.0,0.0,0.505,0.0,0
1779783799463,35168502681023429477067370934115172120607397900706971138168146010778726500910,0.505,0.01,0.99,0.98,0.0,0.0,0.505,0.0,0
1779783800457,35168502681023429477067370934115172120607397900706971138168146010778726500910,0.505,0.01,0.99,0.98,0.0,0.0,0.505,0.0,0
1779783801455,35168502681023429477067370934115172120607397900706971138168146010778726500910,0.505,0.01,0.99,0.98,0.0,0.0,0.505,0.0,0
1779783802464,35168502681023429477067370934115172120607397900706971138168146010778726500910,0.505,0.01,0.99,0.98,0.0,0.0,0.505,0.0,0
1779783803458,35168502681023429477067370934115172120607397900706971138168146010778726500910,0.505,0.01,0.99,0.98,0.0,0.0,0.505,0.0,0
1779783804461,35168502681023429477067370934115172120607397900706971138168146010778726500910,0.505,0.01,0.99,0.98,0.0,0.0,0.505,0.0,0
1779783805466,35168502681023429477067370934115172120607397900706971138168146010778726500910,0.505,0.01,0.99,0.98,0.0,0.0,0.505,0.0,0
1779783806478,35168502681023429477067370934115172120607397900706971138168146010778726500910,0.505,0.01,0.99,0.98,0.0,0.0,0.505,0.0,0
1779783807455,35168502681023429477067370934115172120607397900706971138168146010778726500910,0.505,0.01,0.99,0.98,0.0,0.0,0.505,0.0,0
1779783808461,35168502681023429477067370934115172120607397900706971138168146010778726500910,0.505,0.01,0.99,0.98,0.0,0.0,0.505,0.0,0
1779783809463,35168502681023429477067370934115172120607397900706971138168146010778726500910,0.505,0.01,0.99,0.98,0.0,0.0,0.505,0.0,0
1779783810465,35168502681023429477067370934115172120607397900706971138168146010778726500910,0.505,0.01,0.99,0.98,0.0,0.0,0.505,0.0,0
1779783811459,35168502681023429477067370934115172120607397900706971138168146010778726500910,0.505,0.01,0.99,0.98,0.0,0.0,0.505,0.0,0
1779783812463,35168502681023429477067370934115172120607397900706971138168146010778726500910,0.505,0.01,0.99,0.98,0.0,0.0,0.505,0.0,0
1779783813463,35168502681023429477067370934115172120607397900706971138168146010778726500910,0.505,0.01,0.99,0.98,0.0,0.0,0.505,0.0,0
1779783814458,35168502681023429477067370934115172120607397900706971138168146010778726500910,0.505,0.01,0.99,0.98,0.0,0.0,0.505,0.0,0
1779783815458,35168502681023429477067370934115172120607397900706971138168146010778726500910,0.505,0.01,0.99,0.98,0.0,0.0,0.505,0.0,0
1779783816463,35168502681023429477067370934115172120607397900706971138168146010778726500910,0.505,0.01,0.99,0.98,0.0,0.0,0.505,0.0,0
1779783817458,35168502681023429477067370934115172120607397900706971138168146010778726500910,0.505,0.01,0.99,0.98,0.0,0.0,0.505,0.0,0
1779783818462,35168502681023429477067370934115172120607397900706971138168146010778726500910,0.505,0.01,0.99,0.98,0.0,0.0,0.505,0.0,0
1779783819465,35168502681023429477067370934115172120607397900706971138168146010778726500910,0.505,0.01,0.99,0.98,0.0,0.0,0.505,0.0,0
1779783820464,35168502681023429477067370934115172120607397900706971138168146010778726500910,0.505,0.01,0.99,0.98,0.0,0.0,0.505,0.0,0
1779783821459,35168502681023429477067370934115172120607397900706971138168146010778726500910,0.505,0.01,0.99,0.98,0.0,0.0,0.505,0.0,0
1779783822459,35168502681023429477067370934115172120607397900706971138168146010778726500910,0.505,0.01,0.99,0.98,0.0,0.0,0.505,0.0,0
1779783823463,35168502681023429477067370934115172120607397900706971138168146010778726500910,0.505,0.01,0.99,0.98,0.0,0.0,0.505,0.0,0
1779783824471,35168502681023429477067370934115172120607397900706971138168146010778726500910,0.505,0.01,0.99,0.98,0.0,0.0,0.505,0.0,0
1779783825474,35168502681023429477067370934115172120607397900706971138168146010778726500910,0.505,0.01,0.99,0.98,0.0,0.0,0.505,0.0,0
1779783826457,35168502681023429477067370934115172120607397900706971138168146010778726500910,0.505,0.01,0.99,0.98,0.0,0.0,0.505,0.0,0
1779783827457,35168502681023429477067370934115172120607397900706971138168146010778726500910,0.505,0.01,0.99,0.98,0.0,0.0,0.505,0.0,0
1779783828461,35168502681023429477067370934115172120607397900706971138168146010778726500910,0.505,0.01,0.99,0.98,0.0,0.0,0.505,0.0,0
1779783829699,35168502681023429477067370934115172120607397900706971138168146010778726500910,0.505,0.01,0.99,0.98,0.0,0.0,0.505,0.0,0
1779783830457,35168502681023429477067370934115172120607397900706971138168146010778726500910,0.505,0.01,0.99,0.98,0.0,0.0,0.505,0.0,0
1779783831460,35168502681023429477067370934115172120607397900706971138168146010778726500910,0.505,0.01,0.99,0.98,0.0,0.0,0.505,0.0,0
1779783832457,35168502681023429477067370934115172120607397900706971138168146010778726500910,0.505,0.01,0.99,0.98,0.0,0.0,0.505,0.0,0
1779783833461,35168502681023429477067370934115172120607397900706971138168146010778726500910,0.505,0.01,0.99,0.98,0.0,0.0,0.505,0.0,0
1779783834469,35168502681023429477067370934115172120607397900706971138168146010778726500910,0.505,0.01,0.99,0.98,0.0,0.0,0.505,0.0,0
1779783835460,35168502681023429477067370934115172120607397900706971138168146010778726500910,0.505,0.01,0.99,0.98,0.0,0.0,0.505,0.0,0
1779783836461,35168502681023429477067370934115172120607397900706971138168146010778726500910,0.505,0.01,0.99,0.98,0.0,0.0,0.505,0.0,0
1779783837458,35168502681023429477067370934115172120607397900706971138168146010778726500910,0.505,0.01,0.99,0.98,0.0,0.0,0.505,0.0,0
1779783838459,35168502681023429477067370934115172120607397900706971138168146010778726500910,0.505,0.01,0.99,0.98,0.0,0.0,0.505,0.0,0
1779783839458,35168502681023429477067370934115172120607397900706971138168146010778726500910,0.505,0.01,0.99,0.98,0.0,0.0,0.505,0.0,0
1779783840483,35168502681023429477067370934115172120607397900706971138168146010778726500910,0.505,0.01,0.99,0.98,0.0,0.0,0.505,0.0,0
1779783841457,35168502681023429477067370934115172120607397900706971138168146010778726500910,0.505,0.01,0.99,0.98,0.0,0.0,0.505,0.0,0
1779783842468,35168502681023429477067370934115172120607397900706971138168146010778726500910,0.505,0.01,0.99,0.98,0.0,0.0,0.505,0.0,0
1779783843468,35168502681023429477067370934115172120607397900706971138168146010778726500910,0.505,0.01,0.99,0.98,0.0,0.0,0.505,0.0,0
1779783844466,35168502681023429477067370934115172120607397900706971138168146010778726500910,0.505,0.01,0.99,0.98,0.0,0.0,0.505,0.0,0
1779783845465,35168502681023429477067370934115172120607397900706971138168146010778726500910,0.505,0.01,0.99,0.98,0.0,0.0,0.505,0.0,0
1779783846459,35168502681023429477067370934115172120607397900706971138168146010778726500910,0.505,0.01,0.99,0.98,0.0,0.0,0.505,0.0,0
1779783847636,35168502681023429477067370934115172120607397900706971138168146010778726500910,0.505,0.01,0.99,0.98,0.0,0.0,0.505,0.0,0
1779783848693,35168502681023429477067370934115172120607397900706971138168146010778726500910,0.505,0.01,0.99,0.98,0.0,0.0,0.505,0.0,0
1779783849509,35168502681023429477067370934115172120607397900706971138168146010778726500910,0.505,0.01,0.99,0.98,0.0,0.0,0.505,0.0,0
1779783850498,35168502681023429477067370934115172120607397900706971138168146010778726500910,0.505,0.01,0.99,0.98,0.0,0.0,0.505,0.0,0
1779783851459,35168502681023429477067370934115172120607397900706971138168146010778726500910,0.505,0.01,0.99,0.98,0.0,0.0,0.505,0.0,0
1779783852462,35168502681023429477067370934115172120607397900706971138168146010778726500910,0.505,0.01,0.99,0.98,0.0,0.0,0.505,0.0,0
1779783853476,35168502681023429477067370934115172120607397900706971138168146010778726500910,0.505,0.01,0.99,0.98,0.0,0.0,0.505,0.0,0
1779783854467,35168502681023429477067370934115172120607397900706971138168146010778726500910,0.505,0.01,0.99,0.98,0.0,0.0,0.505,0.0,0
1779783855460,35168502681023429477067370934115172120607397900706971138168146010778726500910,0.505,0.01,0.99,0.98,0.0,0.0,0.505,0.0,0
1779783856459,35168502681023429477067370934115172120607397900706971138168146010778726500910,0.505,0.01,0.99,0.98,0.0,0.0,0.505,0.0,0
1779783857458,35168502681023429477067370934115172120607397900706971138168146010778726500910,0.505,0.01,0.99,0.98,0.0,0.0,0.505,0.0,0
1779783858465,35168502681023429477067370934115172120607397900706971138168146010778726500910,0.505,0.01,0.99,0.98,0.0,0.0,0.505,0.0,0
1779783859464,35168502681023429477067370934115172120607397900706971138168146010778726500910,0.505,0.01,0.99,0.98,0.0,0.0,0.505,0.0,0
1779783860461,35168502681023429477067370934115172120607397900706971138168146010778726500910,0.505,0.01,0.99,0.98,0.0,0.0,0.505,0.0,0
1779783861465,35168502681023429477067370934115172120607397900706971138168146010778726500910,0.505,0.01,0.99,0.98,0.0,0.0,0.505,0.0,0
1779783862460,35168502681023429477067370934115172120607397900706971138168146010778726500910,0.505,0.01,0.99,0.98,0.0,0.0,0.505,0.0,0
1779783863457,35168502681023429477067370934115172120607397900706971138168146010778726500910,0.505,0.01,0.99,0.98,0.0,0.0,0.505,0.0,0
1779783864457,35168502681023429477067370934115172120607397900706971138168146010778726500910,0.505,0.01,0.99,0.98,0.0,0.0,0.505,0.0,0
1779783865463,35168502681023429477067370934115172120607397900706971138168146010778726500910,0.505,0.01,0.99,0.98,0.0,0.0,0.505,0.0,0
1779783866462,35168502681023429477067370934115172120607397900706971138168146010778726500910,0.505,0.01,0.99,0.98,0.0,0.0,0.505,0.0,0
1779783867473,35168502681023429477067370934115172120607397900706971138168146010778726500910,0.505,0.01,0.99,0.98,0.0,0.0,0.505,0.0,0
1779783868458,35168502681023429477067370934115172120607397900706971138168146010778726500910,0.505,0.01,0.99,0.98,0.0,0.0,0.505,0.0,0
1779783869467,35168502681023429477067370934115172120607397900706971138168146010778726500910,0.505,0.01,0.99,0.98,0.0,0.0,0.505,0.0,0
1779783870468,35168502681023429477067370934115172120607397900706971138168146010778726500910,0.505,0.01,0.99,0.98,0.0,0.0,0.505,0.0,0
1779783871465,35168502681023429477067370934115172120607397900706971138168146010778726500910,0.505,0.01,0.99,0.98,0.0,0.0,0.505,0.0,0
1779783872470,35168502681023429477067370934115172120607397900706971138168146010778726500910,0.505,0.01,0.99,0.98,0.0,0.0,0.505,0.0,0
1779783873458,35168502681023429477067370934115172120607397900706971138168146010778726500910,0.505,0.01,0.99,0.98,0.0,0.0,0.505,0.0,0
1779783874469,35168502681023429477067370934115172120607397900706971138168146010778726500910,0.505,0.01,0.99,0.98,0.0,0.0,0.505,0.0,0
1779783875466,35168502681023429477067370934115172120607397900706971138168146010778726500910,0.505,0.01,0.99,0.98,0.0,0.0,0.505,0.0,0
1779783876458,35168502681023429477067370934115172120607397900706971138168146010778726500910,0.505,0.01,0.99,0.98,0.0,0.0,0.505,0.0,0
1779783877459,35168502681023429477067370934115172120607397900706971138168146010778726500910,0.505,0.01,0.99,0.98,0.0,0.0,0.505,0.0,0
1779783878469,35168502681023429477067370934115172120607397900706971138168146010778726500910,0.505,0.01,0.99,0.98,0.0,0.0,0.505,0.0,0
1779783879466,35168502681023429477067370934115172120607397900706971138168146010778726500910,0.505,0.01,0.99,0.98,0.0,0.0,0.505,0.0,0
1779783880465,35168502681023429477067370934115172120607397900706971138168146010778726500910,0.505,0.01,0.99,0.98,0.0,0.0,0.505,0.0,0
1779783881458,35168502681023429477067370934115172120607397900706971138168146010778726500910,0.505,0.01,0.99,0.98,0.0,0.0,0.505,0.0,0
1779783882460,35168502681023429477067370934115172120607397900706971138168146010778726500910,0.505,0.01,0.99,0.98,0.0,0.0,0.505,0.0,0
1779783883460,35168502681023429477067370934115172120607397900706971138168146010778726500910,0.505,0.01,0.99,0.98,0.0,0.0,0.505,0.0,0
1779783884461,35168502681023429477067370934115172120607397900706971138168146010778726500910,0.505,0.01,0.99,0.98,0.0,0.0,0.505,0.0,0
1779783885461,35168502681023429477067370934115172120607397900706971138168146010778726500910,0.505,0.01,0.99,0.98,0.0,0.0,0.505,0.0,0
1779783886460,35168502681023429477067370934115172120607397900706971138168146010778726500910,0.505,0.01,0.99,0.98,0.0,0.0,0.505,0.0,0
1779783887470,35168502681023429477067370934115172120607397900706971138168146010778726500910,0.505,0.01,0.99,0.98,0.0,0.0,0.505,0.0,0
1779783888477,35168502681023429477067370934115172120607397900706971138168146010778726500910,0.505,0.01,0.99,0.98,0.0,0.0,0.505,0.0,0
1779783889547,35168502681023429477067370934115172120607397900706971138168146010778726500910,0.505,0.01,0.99,0.98,0.0,0.0,0.505,0.0,0
1779783890466,35168502681023429477067370934115172120607397900706971138168146010778726500910,0.505,0.01,0.99,0.98,0.0,0.0,0.505,0.0,0
1779783891461,35168502681023429477067370934115172120607397900706971138168146010778726500910,0.505,0.01,0.99,0.98,0.0,0.0,0.505,0.0,0
1779783892466,35168502681023429477067370934115172120607397900706971138168146010778726500910,0.505,0.01,0.99,0.98,0.0,0.0,0.505,0.0,0
1779783893467,35168502681023429477067370934115172120607397900706971138168146010778726500910,0.505,0.01,0.99,0.98,0.0,0.0,0.505,0.0,0
1779783894466,35168502681023429477067370934115172120607397900706971138168146010778726500910,0.505,0.01,0.99,0.98,0.0,0.0,0.505,0.0,0
1779783895467,35168502681023429477067370934115172120607397900706971138168146010778726500910,0.505,0.01,0.99,0.98,0.0,0.0,0.505,0.0,0
1779783896457,35168502681023429477067370934115172120607397900706971138168146010778726500910,0.505,0.01,0.99,0.98,0.0,0.0,0.505,0.0,0
1779783897463,35168502681023429477067370934115172120607397900706971138168146010778726500910,0.505,0.01,0.99,0.98,0.0,0.0,0.505,0.0,0
1779783898462,35168502681023429477067370934115172120607397900706971138168146010778726500910,0.505,0.01,0.99,0.98,0.0,0.0,0.505,0.0,0
1779783899466,35168502681023429477067370934115172120607397900706971138168146010778726500910,0.505,0.01,0.99,0.98,0.0,0.0,0.505,0.0,0
1779783900467,35168502681023429477067370934115172120607397900706971138168146010778726500910,0.505,0.01,0.99,0.98,0.0,0.0,0.505,0.0,0
1779783901462,35168502681023429477067370934115172120607397900706971138168146010778726500910,0.505,0.01,0.99,0.98,0.0,0.0,0.505,0.0,0
1779783902460,35168502681023429477067370934115172120607397900706971138168146010778726500910,0.505,0.01,0.99,0.98,0.0,0.0,0.505,0.0,0
1779783903460,35168502681023429477067370934115172120607397900706971138168146010778726500910,0.505,0.01,0.99,0.98,0.0,0.0,0.505,0.0,0
1779783904460,35168502681023429477067370934115172120607397900706971138168146010778726500910,0.505,0.01,0.99,0.98,0.0,0.0,0.505,0.0,0
1779783905462,35168502681023429477067370934115172120607397900706971138168146010778726500910,0.505,0.01,0.99,0.98,0.0,0.0,0.505,0.0,0
1779783906460,35168502681023429477067370934115172120607397900706971138168146010778726500910,0.505,0.01,0.99,0.98,0.0,0.0,0.505,0.0,0
1779783907467,35168502681023429477067370934115172120607397900706971138168146010778726500910,0.505,0.01,0.99,0.98,0.0,0.0,0.505,0.0,0
1779783908462,35168502681023429477067370934115172120607397900706971138168146010778726500910,0.505,0.01,0.99,0.98,0.0,0.0,0.505,0.0,0
1779783909461,35168502681023429477067370934115172120607397900706971138168146010778726500910,0.505,0.01,0.99,0.98,0.0,0.0,0.505,0.0,0
1779783910470,35168502681023429477067370934115172120607397900706971138168146010778726500910,0.505,0.01,0.99,0.98,0.0,0.0,0.505,0.0,0
1779783911465,35168502681023429477067370934115172120607397900706971138168146010778726500910,0.505,0.01,0.99,0.98,0.0,0.0,0.505,0.0,0
1779783912473,35168502681023429477067370934115172120607397900706971138168146010778726500910,0.505,0.01,0.99,0.98,0.0,0.0,0.505,0.0,0
1779783913464,35168502681023429477067370934115172120607397900706971138168146010778726500910,0.505,0.01,0.99,0.98,0.0,0.0,0.505,0.0,0
1779783914463,35168502681023429477067370934115172120607397900706971138168146010778726500910,0.505,0.01,0.99,0.98,0.0,0.0,0.505,0.0,0
1779783915469,35168502681023429477067370934115172120607397900706971138168146010778726500910,0.505,0.01,0.99,0.98,0.0,0.0,0.505,0.0,0
1779783916464,35168502681023429477067370934115172120607397900706971138168146010778726500910,0.505,0.01,0.99,0.98,0.0,0.0,0.505,0.0,0
1779783917476,35168502681023429477067370934115172120607397900706971138168146010778726500910,0.505,0.01,0.99,0.98,0.0,0.0,0.505,0.0,0
1779783918477,35168502681023429477067370934115172120607397900706971138168146010778726500910,0.505,0.01,0.99,0.98,0.0,0.0,0.505,0.0,0
1779783919459,35168502681023429477067370934115172120607397900706971138168146010778726500910,0.505,0.01,0.99,0.98,0.0,0.0,0.505,0.0,0
1779783920467,35168502681023429477067370934115172120607397900706971138168146010778726500910,0.505,0.01,0.99,0.98,0.0,0.0,0.505,0.0,0
1779783921462,35168502681023429477067370934115172120607397900706971138168146010778726500910,0.505,0.01,0.99,0.98,0.0,0.0,0.505,0.0,0
1779783922461,35168502681023429477067370934115172120607397900706971138168146010778726500910,0.505,0.01,0.99,0.98,0.0,0.0,0.505,0.0,0
1779783923462,35168502681023429477067370934115172120607397900706971138168146010778726500910,0.505,0.01,0.99,0.98,0.0,0.0,0.505,0.0,0
1779783924465,35168502681023429477067370934115172120607397900706971138168146010778726500910,0.505,0.01,0.99,0.98,0.0,0.0,0.505,0.0,0
1779783925468,35168502681023429477067370934115172120607397900706971138168146010778726500910,0.505,0.01,0.99,0.98,0.0,0.0,0.505,0.0,0
1779783926461,35168502681023429477067370934115172120607397900706971138168146010778726500910,0.505,0.01,0.99,0.98,0.0,0.0,0.505,0.0,0
1779783927466,35168502681023429477067370934115172120607397900706971138168146010778726500910,0.505,0.01,0.99,0.98,0.0,0.0,0.505,0.0,0
1779783928468,35168502681023429477067370934115172120607397900706971138168146010778726500910,0.505,0.01,0.99,0.98,0.0,0.0,0.505,0.0,0
1779783929472,35168502681023429477067370934115172120607397900706971138168146010778726500910,0.505,0.01,0.99,0.98,0.0,0.0,0.505,0.0,0
1779783930461,35168502681023429477067370934115172120607397900706971138168146010778726500910,0.505,0.01,0.99,0.98,0.0,0.0,0.505,0.0,0
1779783931461,35168502681023429477067370934115172120607397900706971138168146010778726500910,0.505,0.01,0.99,0.98,0.0,0.0,0.505,0.0,0
1779783932461,35168502681023429477067370934115172120607397900706971138168146010778726500910,0.505,0.01,0.99,0.98,0.0,0.0,0.505,0.0,0
1779783933470,35168502681023429477067370934115172120607397900706971138168146010778726500910,0.505,0.01,0.99,0.98,0.0,0.0,0.505,0.0,0
1779783934462,35168502681023429477067370934115172120607397900706971138168146010778726500910,0.505,0.01,0.99,0.98,0.0,0.0,0.505,0.0,0
1779783935459,35168502681023429477067370934115172120607397900706971138168146010778726500910,0.505,0.01,0.99,0.98,0.0,0.0,0.505,0.0,0
1779783936479,35168502681023429477067370934115172120607397900706971138168146010778726500910,0.505,0.01,0.99,0.98,0.0,0.0,0.505,0.0,0
1779783937468,35168502681023429477067370934115172120607397900706971138168146010778726500910,0.505,0.01,0.99,0.98,0.0,0.0,0.505,0.0,0
1779783938468,35168502681023429477067370934115172120607397900706971138168146010778726500910,0.505,0.01,0.99,0.98,0.0,0.0,0.505,0.0,0
1779783939469,35168502681023429477067370934115172120607397900706971138168146010778726500910,0.505,0.01,0.99,0.98,0.0,0.0,0.505,0.0,0
1779783940471,35168502681023429477067370934115172120607397900706971138168146010778726500910,0.505,0.01,0.99,0.98,0.0,0.0,0.505,0.0,0
1779783941492,35168502681023429477067370934115172120607397900706971138168146010778726500910,0.505,0.01,0.99,0.98,0.0,0.0,0.505,0.0,0
1779783942467,35168502681023429477067370934115172120607397900706971138168146010778726500910,0.505,0.01,0.99,0.98,0.0,0.0,0.505,0.0,0
1779783943519,35168502681023429477067370934115172120607397900706971138168146010778726500910,0.505,0.01,0.99,0.98,0.0,0.0,0.505,0.0,0
1779783944473,35168502681023429477067370934115172120607397900706971138168146010778726500910,0.505,0.01,0.99,0.98,0.0,0.0,0.505,0.0,0
1779783945467,35168502681023429477067370934115172120607397900706971138168146010778726500910,0.505,0.01,0.99,0.98,0.0,0.0,0.505,0.0,0
1779783946467,35168502681023429477067370934115172120607397900706971138168146010778726500910,0.505,0.01,0.99,0.98,0.0,0.0,0.505,0.0,0
1779783947460,35168502681023429477067370934115172120607397900706971138168146010778726500910,0.505,0.01,0.99,0.98,0.0,0.0,0.505,0.0,0
1779783948462,35168502681023429477067370934115172120607397900706971138168146010778726500910,0.505,0.01,0.99,0.98,0.0,0.0,0.505,0.0,0
1779783949477,35168502681023429477067370934115172120607397900706971138168146010778726500910,0.505,0.01,0.99,0.98,0.0,0.0,0.505,0.0,0
1779783950461,35168502681023429477067370934115172120607397900706971138168146010778726500910,0.505,0.01,0.99,0.98,0.0,0.0,0.505,0.0,0
1779783951479,35168502681023429477067370934115172120607397900706971138168146010778726500910,0.505,0.01,0.99,0.98,0.0,0.0,0.505,0.0,0
1779783952469,35168502681023429477067370934115172120607397900706971138168146010778726500910,0.505,0.01,0.99,0.98,0.0,0.0,0.505,0.0,0
1779783953467,35168502681023429477067370934115172120607397900706971138168146010778726500910,0.505,0.01,0.99,0.98,0.0,0.0,0.505,0.0,0
1779783954466,35168502681023429477067370934115172120607397900706971138168146010778726500910,0.505,0.01,0.99,0.98,0.0,0.0,0.505,0.0,0
1779783955464,35168502681023429477067370934115172120607397900706971138168146010778726500910,0.505,0.01,0.99,0.98,0.0,0.0,0.505,0.0,0
1779783956463,35168502681023429477067370934115172120607397900706971138168146010778726500910,0.505,0.01,0.99,0.98,0.0,0.0,0.505,0.0,0
1779783957461,35168502681023429477067370934115172120607397900706971138168146010778726500910,0.505,0.01,0.99,0.98,0.0,0.0,0.505,0.0,0
1779783958467,35168502681023429477067370934115172120607397900706971138168146010778726500910,0.505,0.01,0.99,0.98,0.0,0.0,0.505,0.0,0
1779783959465,35168502681023429477067370934115172120607397900706971138168146010778726500910,0.505,0.01,0.99,0.98,0.0,0.0,0.505,0.0,0
1779783960467,35168502681023429477067370934115172120607397900706971138168146010778726500910,0.505,0.01,0.99,0.98,0.0,0.0,0.505,0.0,0
1779783961465,35168502681023429477067370934115172120607397900706971138168146010778726500910,0.505,0.01,0.99,0.98,0.0,0.0,0.505,0.0,0
1779783962472,35168502681023429477067370934115172120607397900706971138168146010778726500910,0.505,0.01,0.99,0.98,0.0,0.0,0.505,0.0,0
1779783963537,35168502681023429477067370934115172120607397900706971138168146010778726500910,0.505,0.01,0.99,0.98,0.0,0.0,0.505,0.0,0
1779783964707,35168502681023429477067370934115172120607397900706971138168146010778726500910,0.505,0.01,0.99,0.98,0.0,0.0,0.505,0.0,0
1779783965507,35168502681023429477067370934115172120607397900706971138168146010778726500910,0.505,0.01,0.99,0.98,0.0,0.0,0.505,0.0,0
1779783966488,35168502681023429477067370934115172120607397900706971138168146010778726500910,0.505,0.01,0.99,0.98,0.0,0.0,0.505,0.0,0
1779783967470,35168502681023429477067370934115172120607397900706971138168146010778726500910,0.505,0.01,0.99,0.98,0.0,0.0,0.505,0.0,0
1779783968466,35168502681023429477067370934115172120607397900706971138168146010778726500910,0.505,0.01,0.99,0.98,0.0,0.0,0.505,0.0,0
1779783969463,35168502681023429477067370934115172120607397900706971138168146010778726500910,0.505,0.01,0.99,0.98,0.0,0.0,0.505,0.0,0
1779783970471,35168502681023429477067370934115172120607397900706971138168146010778726500910,0.505,0.01,0.99,0.98,0.0,0.0,0.505,0.0,0
1779783971525,35168502681023429477067370934115172120607397900706971138168146010778726500910,0.505,0.01,0.99,0.98,0.0,0.0,0.505,0.0,0
1779783972465,35168502681023429477067370934115172120607397900706971138168146010778726500910,0.505,0.01,0.99,0.98,0.0,0.0,0.505,0.0,0
1779783973463,35168502681023429477067370934115172120607397900706971138168146010778726500910,0.505,0.01,0.99,0.98,0.0,0.0,0.505,0.0,0
1779783974474,35168502681023429477067370934115172120607397900706971138168146010778726500910,0.505,0.01,0.99,0.98,0.0,0.0,0.505,0.0,0
1779783975468,35168502681023429477067370934115172120607397900706971138168146010778726500910,0.505,0.01,0.99,0.98,0.0,0.0,0.505,0.0,0
1779783976468,35168502681023429477067370934115172120607397900706971138168146010778726500910,0.505,0.01,0.99,0.98,0.0,0.0,0.505,0.0,0
1779783977474,35168502681023429477067370934115172120607397900706971138168146010778726500910,0.505,0.01,0.99,0.98,0.0,0.0,0.505,0.0,0
1779783978474,35168502681023429477067370934115172120607397900706971138168146010778726500910,0.505,0.01,0.99,0.98,0.0,0.0,0.505,0.0,0
1779783979467,35168502681023429477067370934115172120607397900706971138168146010778726500910,0.505,0.01,0.99,0.98,0.0,0.0,0.505,0.0,0
1779783980467,35168502681023429477067370934115172120607397900706971138168146010778726500910,0.505,0.01,0.99,0.98,0.0,0.0,0.505,0.0,0
1779783981466,35168502681023429477067370934115172120607397900706971138168146010778726500910,0.505,0.01,0.99,0.98,0.0,0.0,0.505,0.0,0
1779783982466,35168502681023429477067370934115172120607397900706971138168146010778726500910,0.505,0.01,0.99,0.98,0.0,0.0,0.505,0.0,0
1779783983462,35168502681023429477067370934115172120607397900706971138168146010778726500910,0.505,0.01,0.99,0.98,0.0,0.0,0.505,0.0,0
1779783984681,35168502681023429477067370934115172120607397900706971138168146010778726500910,0.505,0.01,0.99,0.98,0.0,0.0,0.505,0.0,0
1779783985598,35168502681023429477067370934115172120607397900706971138168146010778726500910,0.505,0.01,0.99,0.98,0.0,0.0,0.505,0.0,0
1779783986621,35168502681023429477067370934115172120607397900706971138168146010778726500910,0.505,0.01,0.99,0.98,0.0,0.0,0.505,0.0,0
1779783987467,35168502681023429477067370934115172120607397900706971138168146010778726500910,0.505,0.01,0.99,0.98,0.0,0.0,0.505,0.0,0
1779783988468,35168502681023429477067370934115172120607397900706971138168146010778726500910,0.505,0.01,0.99,0.98,0.0,0.0,0.505,0.0,0
1779783989468,35168502681023429477067370934115172120607397900706971138168146010778726500910,0.505,0.01,0.99,0.98,0.0,0.0,0.505,0.0,0
1779783990469,35168502681023429477067370934115172120607397900706971138168146010778726500910,0.505,0.01,0.99,0.98,0.0,0.0,0.505,0.0,0
1779783991465,35168502681023429477067370934115172120607397900706971138168146010778726500910,0.505,0.01,0.99,0.98,0.0,0.0,0.505,0.0,0
1779783992465,35168502681023429477067370934115172120607397900706971138168146010778726500910,0.505,0.01,0.99,0.98,0.0,0.0,0.505,0.0,0
1779783993472,35168502681023429477067370934115172120607397900706971138168146010778726500910,0.505,0.01,0.99,0.98,0.0,0.0,0.505,0.0,0
1779783994465,35168502681023429477067370934115172120607397900706971138168146010778726500910,0.505,0.01,0.99,0.98,0.0,0.0,0.505,0.0,0
1779783995468,35168502681023429477067370934115172120607397900706971138168146010778726500910,0.505,0.01,0.99,0.98,0.0,0.0,0.505,0.0,0
1779783996468,35168502681023429477067370934115172120607397900706971138168146010778726500910,0.505,0.01,0.99,0.98,0.0,0.0,0.505,0.0,0
1779783997465,35168502681023429477067370934115172120607397900706971138168146010778726500910,0.505,0.01,0.99,0.98,0.0,0.0,0.505,0.0,0
1779783998464,35168502681023429477067370934115172120607397900706971138168146010778726500910,0.505,0.01,0.99,0.98,0.0,0.0,0.505,0.0,0
1779783999469,35168502681023429477067370934115172120607397900706971138168146010778726500910,0.505,0.01,0.99,0.98,0.0,0.0,0.505,0.0,0
1779784000467,35168502681023429477067370934115172120607397900706971138168146010778726500910,0.505,0.01,0.99,0.98,0.0,0.0,0.505,0.0,0
1779784001464,35168502681023429477067370934115172120607397900706971138168146010778726500910,0.505,0.01,0.99,0.98,0.0,0.0,0.505,0.0,0
1779784002468,35168502681023429477067370934115172120607397900706971138168146010778726500910,0.505,0.01,0.99,0.98,0.0,0.0,0.505,0.0,0
1779784003474,35168502681023429477067370934115172120607397900706971138168146010778726500910,0.505,0.01,0.99,0.98,0.0,0.0,0.505,0.0,0
1779784004464,35168502681023429477067370934115172120607397900706971138168146010778726500910,0.505,0.01,0.99,0.98,0.0,0.0,0.505,0.0,0
1779784005509,35168502681023429477067370934115172120607397900706971138168146010778726500910,0.505,0.01,0.99,0.98,0.0,0.0,0.505,0.0,0
1779784006471,35168502681023429477067370934115172120607397900706971138168146010778726500910,0.505,0.01,0.99,0.98,0.0,0.0,0.505,0.0,0
1779784007463,35168502681023429477067370934115172120607397900706971138168146010778726500910,0.505,0.01,0.99,0.98,0.0,0.0,0.505,0.0,0
1779784008461,35168502681023429477067370934115172120607397900706971138168146010778726500910,0.505,0.01,0.99,0.98,0.0,0.0,0.505,0.0,0
1779784009467,35168502681023429477067370934115172120607397900706971138168146010778726500910,0.505,0.01,0.99,0.98,0.0,0.0,0.505,0.0,0
1779784010469,35168502681023429477067370934115172120607397900706971138168146010778726500910,0.505,0.01,0.99,0.98,0.0,0.0,0.505,0.0,0
1779784011464,35168502681023429477067370934115172120607397900706971138168146010778726500910,0.505,0.01,0.99,0.98,0.0,0.0,0.505,0.0,0
1779784012474,35168502681023429477067370934115172120607397900706971138168146010778726500910,0.505,0.01,0.99,0.98,0.0,0.0,0.505,0.0,0
1779784013475,35168502681023429477067370934115172120607397900706971138168146010778726500910,0.505,0.01,0.99,0.98,0.0,0.0,0.505,0.0,0
1779784014477,35168502681023429477067370934115172120607397900706971138168146010778726500910,0.505,0.01,0.99,0.98,0.0,0.0,0.505,0.0,0
1779784015490,35168502681023429477067370934115172120607397900706971138168146010778726500910,0.505,0.01,0.99,0.98,0.0,0.0,0.505,0.0,0
1779784016465,35168502681023429477067370934115172120607397900706971138168146010778726500910,0.505,0.01,0.99,0.98,0.0,0.0,0.505,0.0,0
1779784017469,35168502681023429477067370934115172120607397900706971138168146010778726500910,0.505,0.01,0.99,0.98,0.0,0.0,0.505,0.0,0
1779784018469,35168502681023429477067370934115172120607397900706971138168146010778726500910,0.505,0.01,0.99,0.98,0.0,0.0,0.505,0.0,0
1779784019485,35168502681023429477067370934115172120607397900706971138168146010778726500910,0.505,0.01,0.99,0.98,0.0,0.0,0.505,0.0,0
1779784020475,35168502681023429477067370934115172120607397900706971138168146010778726500910,0.505,0.01,0.99,0.98,0.0,0.0,0.505,0.0,0
1779784021480,35168502681023429477067370934115172120607397900706971138168146010778726500910,0.505,0.01,0.99,0.98,0.0,0.0,0.505,0.0,0
1779784022470,35168502681023429477067370934115172120607397900706971138168146010778726500910,0.505,0.01,0.99,0.98,0.0,0.0,0.505,0.0,0
1779784023463,35168502681023429477067370934115172120607397900706971138168146010778726500910,0.505,0.01,0.99,0.98,0.0,0.0,0.505,0.0,0
1779784024471,35168502681023429477067370934115172120607397900706971138168146010778726500910,0.505,0.01,0.99,0.98,0.0,0.0,0.505,0.0,0
1779784025468,35168502681023429477067370934115172120607397900706971138168146010778726500910,0.505,0.01,0.99,0.98,0.0,0.0,0.505,0.0,0
1779784026527,35168502681023429477067370934115172120607397900706971138168146010778726500910,0.505,0.01,0.99,0.98,0.0,0.0,0.505,0.0,0
1779784027467,35168502681023429477067370934115172120607397900706971138168146010778726500910,0.505,0.01,0.99,0.98,0.0,0.0,0.505,0.0,0
1779784028476,35168502681023429477067370934115172120607397900706971138168146010778726500910,0.505,0.01,0.99,0.98,0.0,0.0,0.505,0.0,0
1779784029470,35168502681023429477067370934115172120607397900706971138168146010778726500910,0.505,0.01,0.99,0.98,0.0,0.0,0.505,0.0,0
1779784030464,35168502681023429477067370934115172120607397900706971138168146010778726500910,0.505,0.01,0.99,0.98,0.0,0.0,0.505,0.0,0
1779784031466,35168502681023429477067370934115172120607397900706971138168146010778726500910,0.505,0.01,0.99,0.98,0.0,0.0,0.505,0.0,0
1779784032472,35168502681023429477067370934115172120607397900706971138168146010778726500910,0.505,0.01,0.99,0.98,0.0,0.0,0.505,0.0,0
1779784033471,35168502681023429477067370934115172120607397900706971138168146010778726500910,0.505,0.01,0.99,0.98,0.0,0.0,0.505,0.0,0
1779784034468,35168502681023429477067370934115172120607397900706971138168146010778726500910,0.505,0.01,0.99,0.98,0.0,0.0,0.505,0.0,0
1779784035466,35168502681023429477067370934115172120607397900706971138168146010778726500910,0.505,0.01,0.99,0.98,0.0,0.0,0.505,0.0,0
1779784036472,35168502681023429477067370934115172120607397900706971138168146010778726500910,0.505,0.01,0.99,0.98,0.0,0.0,0.505,0.0,0
1779784037463,35168502681023429477067370934115172120607397900706971138168146010778726500910,0.505,0.01,0.99,0.98,0.0,0.0,0.505,0.0,0
1779784038466,35168502681023429477067370934115172120607397900706971138168146010778726500910,0.505,0.01,0.99,0.98,0.0,0.0,0.505,0.0,0
1779784039485,35168502681023429477067370934115172120607397900706971138168146010778726500910,0.505,0.01,0.99,0.98,0.0,0.0,0.505,0.0,0
1779784040471,35168502681023429477067370934115172120607397900706971138168146010778726500910,0.505,0.01,0.99,0.98,0.0,0.0,0.505,0.0,0
1779784041470,35168502681023429477067370934115172120607397900706971138168146010778726500910,0.505,0.01,0.99,0.98,0.0,0.0,0.505,0.0,0
1779784042469,35168502681023429477067370934115172120607397900706971138168146010778726500910,0.505,0.01,0.99,0.98,0.0,0.0,0.505,0.0,0
1779784043469,35168502681023429477067370934115172120607397900706971138168146010778726500910,0.505,0.01,0.99,0.98,0.0,0.0,0.505,0.0,0
1779784044471,35168502681023429477067370934115172120607397900706971138168146010778726500910,0.505,0.01,0.99,0.98,0.0,0.0,0.505,0.0,0
1779784045465,35168502681023429477067370934115172120607397900706971138168146010778726500910,0.505,0.01,0.99,0.98,0.0,0.0,0.505,0.0,0
1779784046471,35168502681023429477067370934115172120607397900706971138168146010778726500910,0.505,0.01,0.99,0.98,0.0,0.0,0.505,0.0,0
1779784047470,35168502681023429477067370934115172120607397900706971138168146010778726500910,0.505,0.01,0.99,0.98,0.0,0.0,0.505,0.0,0
1779784048473,35168502681023429477067370934115172120607397900706971138168146010778726500910,0.505,0.01,0.99,0.98,0.0,0.0,0.505,0.0,0
1779784049469,35168502681023429477067370934115172120607397900706971138168146010778726500910,0.505,0.01,0.99,0.98,0.0,0.0,0.505,0.0,0
1779784050475,35168502681023429477067370934115172120607397900706971138168146010778726500910,0.505,0.01,0.99,0.98,0.0,0.0,0.505,0.0,0
1779784051473,35168502681023429477067370934115172120607397900706971138168146010778726500910,0.505,0.01,0.99,0.98,0.0,0.0,0.505,0.0,0
1779784052466,35168502681023429477067370934115172120607397900706971138168146010778726500910,0.505,0.01,0.99,0.98,0.0,0.0,0.505,0.0,0
1779784053471,35168502681023429477067370934115172120607397900706971138168146010778726500910,0.505,0.01,0.99,0.98,0.0,0.0,0.505,0.0,0
1779784054466,35168502681023429477067370934115172120607397900706971138168146010778726500910,0.505,0.01,0.99,0.98,0.0,0.0,0.505,0.0,0
1779784055463,35168502681023429477067370934115172120607397900706971138168146010778726500910,0.505,0.01,0.99,0.98,0.0,0.0,0.505,0.0,0
1779784056467,35168502681023429477067370934115172120607397900706971138168146010778726500910,0.505,0.01,0.99,0.98,0.0,0.0,0.505,0.0,0
1779784057473,35168502681023429477067370934115172120607397900706971138168146010778726500910,0.505,0.01,0.99,0.98,0.0,0.0,0.505,0.0,0
1779784058466,35168502681023429477067370934115172120607397900706971138168146010778726500910,0.505,0.01,0.99,0.98,0.0,0.0,0.505,0.0,0
1779784059468,35168502681023429477067370934115172120607397900706971138168146010778726500910,0.505,0.01,0.99,0.98,0.0,0.0,0.505,0.0,0
1779784060468,35168502681023429477067370934115172120607397900706971138168146010778726500910,0.505,0.01,0.99,0.98,0.0,0.0,0.505,0.0,0
1779784061475,35168502681023429477067370934115172120607397900706971138168146010778726500910,0.505,0.01,0.99,0.98,0.0,0.0,0.505,0.0,0
1779784062464,35168502681023429477067370934115172120607397900706971138168146010778726500910,0.505,0.01,0.99,0.98,0.0,0.0,0.505,0.0,0
1779784063468,35168502681023429477067370934115172120607397900706971138168146010778726500910,0.505,0.01,0.99,0.98,0.0,0.0,0.505,0.0,0
1779784064465,35168502681023429477067370934115172120607397900706971138168146010778726500910,0.505,0.01,0.99,0.98,0.0,0.0,0.505,0.0,0
1779784065465,35168502681023429477067370934115172120607397900706971138168146010778726500910,0.505,0.01,0.99,0.98,0.0,0.0,0.505,0.0,0
1779784066464,35168502681023429477067370934115172120607397900706971138168146010778726500910,0.505,0.01,0.99,0.98,0.0,0.0,0.505,0.0,0
1779784067467,35168502681023429477067370934115172120607397900706971138168146010778726500910,0.505,0.01,0.99,0.98,0.0,0.0,0.505,0.0,0
1779784068474,35168502681023429477067370934115172120607397900706971138168146010778726500910,0.505,0.01,0.99,0.98,0.0,0.0,0.505,0.0,0
1779784069555,35168502681023429477067370934115172120607397900706971138168146010778726500910,0.505,0.01,0.99,0.98,0.0,0.0,0.505,0.0,0
1779784070467,35168502681023429477067370934115172120607397900706971138168146010778726500910,0.505,0.01,0.99,0.98,0.0,0.0,0.505,0.0,0
1779784071474,35168502681023429477067370934115172120607397900706971138168146010778726500910,0.505,0.01,0.99,0.98,0.0,0.0,0.505,0.0,0
1779784072472,35168502681023429477067370934115172120607397900706971138168146010778726500910,0.505,0.01,0.99,0.98,0.0,0.0,0.505,0.0,0
1779784073472,35168502681023429477067370934115172120607397900706971138168146010778726500910,0.505,0.01,0.99,0.98,0.0,0.0,0.505,0.0,0
1779784074471,35168502681023429477067370934115172120607397900706971138168146010778726500910,0.505,0.01,0.99,0.98,0.0,0.0,0.505,0.0,0
1779784075470,35168502681023429477067370934115172120607397900706971138168146010778726500910,0.505,0.01,0.99,0.98,0.0,0.0,0.505,0.0,0
1779784076475,35168502681023429477067370934115172120607397900706971138168146010778726500910,0.505,0.01,0.99,0.98,0.0,0.0,0.505,0.0,0
1779784077478,35168502681023429477067370934115172120607397900706971138168146010778726500910,0.505,0.01,0.99,0.98,0.0,0.0,0.505,0.0,0
1779784078474,35168502681023429477067370934115172120607397900706971138168146010778726500910,0.505,0.01,0.99,0.98,0.0,0.0,0.505,0.0,0
1779784079473,35168502681023429477067370934115172120607397900706971138168146010778726500910,0.505,0.01,0.99,0.98,0.0,0.0,0.505,0.0,0
1779784080465,35168502681023429477067370934115172120607397900706971138168146010778726500910,0.505,0.01,0.99,0.98,0.0,0.0,0.505,0.0,0
1779784081471,35168502681023429477067370934115172120607397900706971138168146010778726500910,0.505,0.01,0.99,0.98,0.0,0.0,0.505,0.0,0
1779784082471,35168502681023429477067370934115172120607397900706971138168146010778726500910,0.505,0.01,0.99,0.98,0.0,0.0,0.505,0.0,0
1779784083467,35168502681023429477067370934115172120607397900706971138168146010778726500910,0.505,0.01,0.99,0.98,0.0,0.0,0.505,0.0,0
1779784084485,35168502681023429477067370934115172120607397900706971138168146010778726500910,0.505,0.01,0.99,0.98,0.0,0.0,0.505,0.0,0
1779784085467,35168502681023429477067370934115172120607397900706971138168146010778726500910,0.505,0.01,0.99,0.98,0.0,0.0,0.505,0.0,0
1779784086532,35168502681023429477067370934115172120607397900706971138168146010778726500910,0.505,0.01,0.99,0.98,0.0,0.0,0.505,0.0,0
1779784087473,35168502681023429477067370934115172120607397900706971138168146010778726500910,0.505,0.01,0.99,0.98,0.0,0.0,0.505,0.0,0
1779784088473,35168502681023429477067370934115172120607397900706971138168146010778726500910,0.505,0.01,0.99,0.98,0.0,0.0,0.505,0.0,0
1779784089466,35168502681023429477067370934115172120607397900706971138168146010778726500910,0.505,0.01,0.99,0.98,0.0,0.0,0.505,0.0,0
1779784090473,35168502681023429477067370934115172120607397900706971138168146010778726500910,0.505,0.01,0.99,0.98,0.0,0.0,0.505,0.0,0
1779784091469,35168502681023429477067370934115172120607397900706971138168146010778726500910,0.505,0.01,0.99,0.98,0.0,0.0,0.505,0.0,0
1779784092477,35168502681023429477067370934115172120607397900706971138168146010778726500910,0.505,0.01,0.99,0.98,0.0,0.0,0.505,0.0,0
1779784093464,35168502681023429477067370934115172120607397900706971138168146010778726500910,0.505,0.01,0.99,0.98,0.0,0.0,0.505,0.0,0
1779784094469,35168502681023429477067370934115172120607397900706971138168146010778726500910,0.505,0.01,0.99,0.98,0.0,0.0,0.505,0.0,0
1779784095487,35168502681023429477067370934115172120607397900706971138168146010778726500910,0.505,0.01,0.99,0.98,0.0,0.0,0.505,0.0,0
1779784096489,35168502681023429477067370934115172120607397900706971138168146010778726500910,0.505,0.01,0.99,0.98,0.0,0.0,0.505,0.0,0
1779784097468,35168502681023429477067370934115172120607397900706971138168146010778726500910,0.505,0.01,0.99,0.98,0.0,0.0,0.505,0.0,0
1779784098466,35168502681023429477067370934115172120607397900706971138168146010778726500910,0.505,0.01,0.99,0.98,0.0,0.0,0.505,0.0,0
1779784099471,35168502681023429477067370934115172120607397900706971138168146010778726500910,0.505,0.01,0.99,0.98,0.0,0.0,0.505,0.0,0
1779784100467,35168502681023429477067370934115172120607397900706971138168146010778726500910,0.505,0.01,0.99,0.98,0.0,0.0,0.505,0.0,0
1779784101473,35168502681023429477067370934115172120607397900706971138168146010778726500910,0.505,0.01,0.99,0.98,0.0,0.0,0.505,0.0,0
1779784102471,35168502681023429477067370934115172120607397900706971138168146010778726500910,0.505,0.01,0.99,0.98,0.0,0.0,0.505,0.0,0
1779784103472,35168502681023429477067370934115172120607397900706971138168146010778726500910,0.505,0.01,0.99,0.98,0.0,0.0,0.505,0.0,0
1779784104466,35168502681023429477067370934115172120607397900706971138168146010778726500910,0.505,0.01,0.99,0.98,0.0,0.0,0.505,0.0,0
1779784105489,35168502681023429477067370934115172120607397900706971138168146010778726500910,0.505,0.01,0.99,0.98,0.0,0.0,0.505,0.0,0
1779784106599,35168502681023429477067370934115172120607397900706971138168146010778726500910,0.505,0.01,0.99,0.98,0.0,0.0,0.505,0.0,0
1779784107478,35168502681023429477067370934115172120607397900706971138168146010778726500910,0.505,0.01,0.99,0.98,0.0,0.0,0.505,0.0,0
1779784108470,35168502681023429477067370934115172120607397900706971138168146010778726500910,0.505,0.01,0.99,0.98,0.0,0.0,0.505,0.0,0
1779784109473,35168502681023429477067370934115172120607397900706971138168146010778726500910,0.505,0.01,0.99,0.98,0.0,0.0,0.505,0.0,0
1779784110482,35168502681023429477067370934115172120607397900706971138168146010778726500910,0.505,0.01,0.99,0.98,0.0,0.0,0.505,0.0,0
1779784111470,35168502681023429477067370934115172120607397900706971138168146010778726500910,0.505,0.01,0.99,0.98,0.0,0.0,0.505,0.0,0
1779784112472,35168502681023429477067370934115172120607397900706971138168146010778726500910,0.505,0.01,0.99,0.98,0.0,0.0,0.505,0.0,0
1779784113471,35168502681023429477067370934115172120607397900706971138168146010778726500910,0.505,0.01,0.99,0.98,0.0,0.0,0.505,0.0,0
1779784114472,35168502681023429477067370934115172120607397900706971138168146010778726500910,0.505,0.01,0.99,0.98,0.0,0.0,0.505,0.0,0
1779784115471,35168502681023429477067370934115172120607397900706971138168146010778726500910,0.505,0.01,0.99,0.98,0.0,0.0,0.505,0.0,0
1779784116474,35168502681023429477067370934115172120607397900706971138168146010778726500910,0.505,0.01,0.99,0.98,0.0,0.0,0.505,0.0,0
1779784117480,35168502681023429477067370934115172120607397900706971138168146010778726500910,0.505,0.01,0.99,0.98,0.0,0.0,0.505,0.0,0
1779784118476,35168502681023429477067370934115172120607397900706971138168146010778726500910,0.505,0.01,0.99,0.98,0.0,0.0,0.505,0.0,0
1779784119507,35168502681023429477067370934115172120607397900706971138168146010778726500910,0.505,0.01,0.99,0.98,0.0,0.0,0.505,0.0,0
1779784120469,35168502681023429477067370934115172120607397900706971138168146010778726500910,0.505,0.01,0.99,0.98,0.0,0.0,0.505,0.0,0
1779784121472,35168502681023429477067370934115172120607397900706971138168146010778726500910,0.505,0.01,0.99,0.98,0.0,0.0,0.505,0.0,0
1779784122466,35168502681023429477067370934115172120607397900706971138168146010778726500910,0.505,0.01,0.99,0.98,0.0,0.0,0.505,0.0,0
1779784123467,35168502681023429477067370934115172120607397900706971138168146010778726500910,0.505,0.01,0.99,0.98,0.0,0.0,0.505,0.0,0
1779784124472,35168502681023429477067370934115172120607397900706971138168146010778726500910,0.505,0.01,0.99,0.98,0.0,0.0,0.505,0.0,0
1779784125468,35168502681023429477067370934115172120607397900706971138168146010778726500910,0.505,0.01,0.99,0.98,0.0,0.0,0.505,0.0,0
1779784126464,35168502681023429477067370934115172120607397900706971138168146010778726500910,0.505,0.01,0.99,0.98,0.0,0.0,0.505,0.0,0
1779784127470,35168502681023429477067370934115172120607397900706971138168146010778726500910,0.505,0.01,0.99,0.98,0.0,0.0,0.505,0.0,0
1779784128506,35168502681023429477067370934115172120607397900706971138168146010778726500910,0.505,0.01,0.99,0.98,0.0,0.0,0.505,0.0,0
1779784129472,35168502681023429477067370934115172120607397900706971138168146010778726500910,0.505,0.01,0.99,0.98,0.0,0.0,0.505,0.0,0
1779784130468,35168502681023429477067370934115172120607397900706971138168146010778726500910,0.505,0.01,0.99,0.98,0.0,0.0,0.505,0.0,0
1779784131637,35168502681023429477067370934115172120607397900706971138168146010778726500910,0.505,0.01,0.99,0.98,0.0,0.0,0.505,0.0,0
1779784132485,35168502681023429477067370934115172120607397900706971138168146010778726500910,0.505,0.01,0.99,0.98,0.0,0.0,0.505,0.0,0
1779784133474,35168502681023429477067370934115172120607397900706971138168146010778726500910,0.505,0.01,0.99,0.98,0.0,0.0,0.505,0.0,0
1779784134476,35168502681023429477067370934115172120607397900706971138168146010778726500910,0.505,0.01,0.99,0.98,0.0,0.0,0.505,0.0,0
1779784135472,35168502681023429477067370934115172120607397900706971138168146010778726500910,0.505,0.01,0.99,0.98,0.0,0.0,0.505,0.0,0
1779784136467,35168502681023429477067370934115172120607397900706971138168146010778726500910,0.505,0.01,0.99,0.98,0.0,0.0,0.505,0.0,0
1779784137475,35168502681023429477067370934115172120607397900706971138168146010778726500910,0.505,0.01,0.99,0.98,0.0,0.0,0.505,0.0,0
1779784138469,35168502681023429477067370934115172120607397900706971138168146010778726500910,0.505,0.01,0.99,0.98,0.0,0.0,0.505,0.0,0
1779784139479,35168502681023429477067370934115172120607397900706971138168146010778726500910,0.505,0.01,0.99,0.98,0.0,0.0,0.505,0.0,0
1779784140484,35168502681023429477067370934115172120607397900706971138168146010778726500910,0.505,0.01,0.99,0.98,0.0,0.0,0.505,0.0,0
1779784141473,35168502681023429477067370934115172120607397900706971138168146010778726500910,0.505,0.01,0.99,0.98,0.0,0.0,0.505,0.0,0
1779784142468,35168502681023429477067370934115172120607397900706971138168146010778726500910,0.505,0.01,0.99,0.98,0.0,0.0,0.505,0.0,0
1779784143484,35168502681023429477067370934115172120607397900706971138168146010778726500910,0.505,0.01,0.99,0.98,0.0,0.0,0.505,0.0,0
1779784144474,35168502681023429477067370934115172120607397900706971138168146010778726500910,0.505,0.01,0.99,0.98,0.0,0.0,0.505,0.0,0
1779784145472,35168502681023429477067370934115172120607397900706971138168146010778726500910,0.505,0.01,0.99,0.98,0.0,0.0,0.505,0.0,0
1779784146472,35168502681023429477067370934115172120607397900706971138168146010778726500910,0.505,0.01,0.99,0.98,0.0,0.0,0.505,0.0,0
1779784147671,35168502681023429477067370934115172120607397900706971138168146010778726500910,0.505,0.01,0.99,0.98,0.0,0.0,0.505,0.0,0
1779784148473,35168502681023429477067370934115172120607397900706971138168146010778726500910,0.505,0.01,0.99,0.98,0.0,0.0,0.505,0.0,0
1779784149467,35168502681023429477067370934115172120607397900706971138168146010778726500910,0.505,0.01,0.99,0.98,0.0,0.0,0.505,0.0,0
1779784150480,35168502681023429477067370934115172120607397900706971138168146010778726500910,0.505,0.01,0.99,0.98,0.0,0.0,0.505,0.0,0
1779784151475,35168502681023429477067370934115172120607397900706971138168146010778726500910,0.505,0.01,0.99,0.98,0.0,0.0,0.505,0.0,0
1779784152541,35168502681023429477067370934115172120607397900706971138168146010778726500910,0.505,0.01,0.99,0.98,0.0,0.0,0.505,0.0,0
1779784153475,35168502681023429477067370934115172120607397900706971138168146010778726500910,0.505,0.01,0.99,0.98,0.0,0.0,0.505,0.0,0
1779784154467,35168502681023429477067370934115172120607397900706971138168146010778726500910,0.505,0.01,0.99,0.98,0.0,0.0,0.505,0.0,0
1779784155474,35168502681023429477067370934115172120607397900706971138168146010778726500910,0.505,0.01,0.99,0.98,0.0,0.0,0.505,0.0,0
1779784156470,35168502681023429477067370934115172120607397900706971138168146010778726500910,0.505,0.01,0.99,0.98,0.0,0.0,0.505,0.0,0
1779784157470,35168502681023429477067370934115172120607397900706971138168146010778726500910,0.505,0.01,0.99,0.98,0.0,0.0,0.505,0.0,0
1779784158469,35168502681023429477067370934115172120607397900706971138168146010778726500910,0.505,0.01,0.99,0.98,0.0,0.0,0.505,0.0,0
1779784159478,35168502681023429477067370934115172120607397900706971138168146010778726500910,0.505,0.01,0.99,0.98,0.0,0.0,0.505,0.0,0
1779784160473,35168502681023429477067370934115172120607397900706971138168146010778726500910,0.505,0.01,0.99,0.98,0.0,0.0,0.505,0.0,0
1779784161468,35168502681023429477067370934115172120607397900706971138168146010778726500910,0.505,0.01,0.99,0.98,0.0,0.0,0.505,0.0,0
1779784162467,35168502681023429477067370934115172120607397900706971138168146010778726500910,0.505,0.01,0.99,0.98,0.0,0.0,0.505,0.0,0
1779784163487,35168502681023429477067370934115172120607397900706971138168146010778726500910,0.505,0.01,0.99,0.98,0.0,0.0,0.505,0.0,0
1779784164471,35168502681023429477067370934115172120607397900706971138168146010778726500910,0.505,0.01,0.99,0.98,0.0,0.0,0.505,0.0,0
1779784165468,35168502681023429477067370934115172120607397900706971138168146010778726500910,0.505,0.01,0.99,0.98,0.0,0.0,0.505,0.0,0
1779784166497,35168502681023429477067370934115172120607397900706971138168146010778726500910,0.505,0.01,0.99,0.98,0.0,0.0,0.505,0.0,0
1779784167468,35168502681023429477067370934115172120607397900706971138168146010778726500910,0.505,0.01,0.99,0.98,0.0,0.0,0.505,0.0,0
1779784168473,35168502681023429477067370934115172120607397900706971138168146010778726500910,0.505,0.01,0.99,0.98,0.0,0.0,0.505,0.0,0
1779784169473,35168502681023429477067370934115172120607397900706971138168146010778726500910,0.505,0.01,0.99,0.98,0.0,0.0,0.505,0.0,0
1779784170467,35168502681023429477067370934115172120607397900706971138168146010778726500910,0.505,0.01,0.99,0.98,0.0,0.0,0.505,0.0,0
1779784171474,35168502681023429477067370934115172120607397900706971138168146010778726500910,0.505,0.01,0.99,0.98,0.0,0.0,0.505,0.0,0
1779784172467,35168502681023429477067370934115172120607397900706971138168146010778726500910,0.505,0.01,0.99,0.98,0.0,0.0,0.505,0.0,0
1779784173469,35168502681023429477067370934115172120607397900706971138168146010778726500910,0.505,0.01,0.99,0.98,0.0,0.0,0.505,0.0,0
1779784174542,35168502681023429477067370934115172120607397900706971138168146010778726500910,0.505,0.01,0.99,0.98,0.0,0.0,0.505,0.0,0
1779784175486,35168502681023429477067370934115172120607397900706971138168146010778726500910,0.505,0.01,0.99,0.98,0.0,0.0,0.505,0.0,0
1779784176475,35168502681023429477067370934115172120607397900706971138168146010778726500910,0.505,0.01,0.99,0.98,0.0,0.0,0.505,0.0,0
1779784177466,35168502681023429477067370934115172120607397900706971138168146010778726500910,0.505,0.01,0.99,0.98,0.0,0.0,0.505,0.0,0
1779784178477,35168502681023429477067370934115172120607397900706971138168146010778726500910,0.505,0.01,0.99,0.98,0.0,0.0,0.505,0.0,0
1779784179475,35168502681023429477067370934115172120607397900706971138168146010778726500910,0.505,0.01,0.99,0.98,0.0,0.0,0.505,0.0,0
1779784180473,35168502681023429477067370934115172120607397900706971138168146010778726500910,0.505,0.01,0.99,0.98,0.0,0.0,0.505,0.0,0
1779784181472,35168502681023429477067370934115172120607397900706971138168146010778726500910,0.505,0.01,0.99,0.98,0.0,0.0,0.505,0.0,0
1779784182478,35168502681023429477067370934115172120607397900706971138168146010778726500910,0.505,0.01,0.99,0.98,0.0,0.0,0.505,0.0,0
1779784183467,35168502681023429477067370934115172120607397900706971138168146010778726500910,0.505,0.01,0.99,0.98,0.0,0.0,0.505,0.0,0
1779784184473,35168502681023429477067370934115172120607397900706971138168146010778726500910,0.505,0.01,0.99,0.98,0.0,0.0,0.505,0.0,0
1779784185472,35168502681023429477067370934115172120607397900706971138168146010778726500910,0.505,0.01,0.99,0.98,0.0,0.0,0.505,0.0,0
1779784186495,35168502681023429477067370934115172120607397900706971138168146010778726500910,0.505,0.01,0.99,0.98,0.0,0.0,0.505,0.0,0
1779784187472,35168502681023429477067370934115172120607397900706971138168146010778726500910,0.505,0.01,0.99,0.98,0.0,0.0,0.505,0.0,0
1779784188468,35168502681023429477067370934115172120607397900706971138168146010778726500910,0.505,0.01,0.99,0.98,0.0,0.0,0.505,0.0,0
1779784189469,35168502681023429477067370934115172120607397900706971138168146010778726500910,0.505,0.01,0.99,0.98,0.0,0.0,0.505,0.0,0
1779784190475,35168502681023429477067370934115172120607397900706971138168146010778726500910,0.505,0.01,0.99,0.98,0.0,0.0,0.505,0.0,0
1779784191478,35168502681023429477067370934115172120607397900706971138168146010778726500910,0.505,0.01,0.99,0.98,0.0,0.0,0.505,0.0,0
1779784192471,35168502681023429477067370934115172120607397900706971138168146010778726500910,0.505,0.01,0.99,0.98,0.0,0.0,0.505,0.0,0
1779784193469,35168502681023429477067370934115172120607397900706971138168146010778726500910,0.505,0.01,0.99,0.98,0.0,0.0,0.505,0.0,0
1779784194482,35168502681023429477067370934115172120607397900706971138168146010778726500910,0.505,0.01,0.99,0.98,0.0,0.0,0.505,0.0,0
1779784195476,35168502681023429477067370934115172120607397900706971138168146010778726500910,0.505,0.01,0.99,0.98,0.0,0.0,0.505,0.0,0
1779784196472,35168502681023429477067370934115172120607397900706971138168146010778726500910,0.505,0.01,0.99,0.98,0.0,0.0,0.505,0.0,0
1779784197467,35168502681023429477067370934115172120607397900706971138168146010778726500910,0.505,0.01,0.99,0.98,0.0,0.0,0.505,0.0,0
1779784198469,35168502681023429477067370934115172120607397900706971138168146010778726500910,0.505,0.01,0.99,0.98,0.0,0.0,0.505,0.0,0
1779784199472,35168502681023429477067370934115172120607397900706971138168146010778726500910,0.505,0.01,0.99,0.98,0.0,0.0,0.505,0.0,0
1779784200471,35168502681023429477067370934115172120607397900706971138168146010778726500910,0.505,0.01,0.99,0.98,0.0,0.0,0.505,0.0,0
1779784201475,35168502681023429477067370934115172120607397900706971138168146010778726500910,0.505,0.01,0.99,0.98,0.0,0.0,0.505,0.0,0
1779784202471,35168502681023429477067370934115172120607397900706971138168146010778726500910,0.505,0.01,0.99,0.98,0.0,0.0,0.505,0.0,0
1779784203490,35168502681023429477067370934115172120607397900706971138168146010778726500910,0.505,0.01,0.99,0.98,0.0,0.0,0.505,0.0,0
1779784204474,35168502681023429477067370934115172120607397900706971138168146010778726500910,0.505,0.01,0.99,0.98,0.0,0.0,0.505,0.0,0
1779784205468,35168502681023429477067370934115172120607397900706971138168146010778726500910,0.505,0.01,0.99,0.98,0.0,0.0,0.505,0.0,0
1779784206470,35168502681023429477067370934115172120607397900706971138168146010778726500910,0.505,0.01,0.99,0.98,0.0,0.0,0.505,0.0,0
1779784207469,35168502681023429477067370934115172120607397900706971138168146010778726500910,0.505,0.01,0.99,0.98,0.0,0.0,0.505,0.0,0
1779784208469,35168502681023429477067370934115172120607397900706971138168146010778726500910,0.505,0.01,0.99,0.98,0.0,0.0,0.505,0.0,0
1779784209475,35168502681023429477067370934115172120607397900706971138168146010778726500910,0.505,0.01,0.99,0.98,0.0,0.0,0.505,0.0,0
1779784210471,35168502681023429477067370934115172120607397900706971138168146010778726500910,0.505,0.01,0.99,0.98,0.0,0.0,0.505,0.0,0
1779784211470,35168502681023429477067370934115172120607397900706971138168146010778726500910,0.505,0.01,0.99,0.98,0.0,0.0,0.505,0.0,0
1779784212479,35168502681023429477067370934115172120607397900706971138168146010778726500910,0.505,0.01,0.99,0.98,0.0,0.0,0.505,0.0,0
1779784213483,35168502681023429477067370934115172120607397900706971138168146010778726500910,0.505,0.01,0.99,0.98,0.0,0.0,0.505,0.0,0
1779784214475,35168502681023429477067370934115172120607397900706971138168146010778726500910,0.505,0.01,0.99,0.98,0.0,0.0,0.505,0.0,0
1779784215474,35168502681023429477067370934115172120607397900706971138168146010778726500910,0.505,0.01,0.99,0.98,0.0,0.0,0.505,0.0,0
1779784216475,35168502681023429477067370934115172120607397900706971138168146010778726500910,0.505,0.01,0.99,0.98,0.0,0.0,0.505,0.0,0
1779784217484,35168502681023429477067370934115172120607397900706971138168146010778726500910,0.505,0.01,0.99,0.98,0.0,0.0,0.505,0.0,0
1779784218471,35168502681023429477067370934115172120607397900706971138168146010778726500910,0.505,0.01,0.99,0.98,0.0,0.0,0.505,0.0,0
1779784219468,35168502681023429477067370934115172120607397900706971138168146010778726500910,0.505,0.01,0.99,0.98,0.0,0.0,0.505,0.0,0
1779784220473,35168502681023429477067370934115172120607397900706971138168146010778726500910,0.505,0.01,0.99,0.98,0.0,0.0,0.505,0.0,0
1779784221470,35168502681023429477067370934115172120607397900706971138168146010778726500910,0.505,0.01,0.99,0.98,0.0,0.0,0.505,0.0,0
1779784222473,35168502681023429477067370934115172120607397900706971138168146010778726500910,0.505,0.01,0.99,0.98,0.0,0.0,0.505,0.0,0
1779784223486,35168502681023429477067370934115172120607397900706971138168146010778726500910,0.505,0.01,0.99,0.98,0.0,0.0,0.505,0.0,0
1779784224485,35168502681023429477067370934115172120607397900706971138168146010778726500910,0.505,0.01,0.99,0.98,0.0,0.0,0.505,0.0,0
1779784225468,35168502681023429477067370934115172120607397900706971138168146010778726500910,0.505,0.01,0.99,0.98,0.0,0.0,0.505,0.0,0
1779784226478,35168502681023429477067370934115172120607397900706971138168146010778726500910,0.505,0.01,0.99,0.98,0.0,0.0,0.505,0.0,0
1779784227468,35168502681023429477067370934115172120607397900706971138168146010778726500910,0.505,0.01,0.99,0.98,0.0,0.0,0.505,0.0,0
1779784228472,35168502681023429477067370934115172120607397900706971138168146010778726500910,0.505,0.01,0.99,0.98,0.0,0.0,0.505,0.0,0
1779784229474,35168502681023429477067370934115172120607397900706971138168146010778726500910,0.505,0.01,0.99,0.98,0.0,0.0,0.505,0.0,0
1779784230483,35168502681023429477067370934115172120607397900706971138168146010778726500910,0.505,0.01,0.99,0.98,0.0,0.0,0.505,0.0,0
1779784231480,35168502681023429477067370934115172120607397900706971138168146010778726500910,0.505,0.01,0.99,0.98,0.0,0.0,0.505,0.0,0
1779784232479,35168502681023429477067370934115172120607397900706971138168146010778726500910,0.505,0.01,0.99,0.98,0.0,0.0,0.505,0.0,0
1779784233472,35168502681023429477067370934115172120607397900706971138168146010778726500910,0.505,0.01,0.99,0.98,0.0,0.0,0.505,0.0,0
1779784234476,35168502681023429477067370934115172120607397900706971138168146010778726500910,0.505,0.01,0.99,0.98,0.0,0.0,0.505,0.0,0
1779784235475,35168502681023429477067370934115172120607397900706971138168146010778726500910,0.505,0.01,0.99,0.98,0.0,0.0,0.505,0.0,0
1779784236470,35168502681023429477067370934115172120607397900706971138168146010778726500910,0.505,0.01,0.99,0.98,0.0,0.0,0.505,0.0,0
1779784237475,35168502681023429477067370934115172120607397900706971138168146010778726500910,0.505,0.01,0.99,0.98,0.0,0.0,0.505,0.0,0
1779784238471,35168502681023429477067370934115172120607397900706971138168146010778726500910,0.505,0.01,0.99,0.98,0.0,0.0,0.505,0.0,0
1779784239474,35168502681023429477067370934115172120607397900706971138168146010778726500910,0.505,0.01,0.99,0.98,0.0,0.0,0.505,0.0,0
1779784240469,35168502681023429477067370934115172120607397900706971138168146010778726500910,0.505,0.01,0.99,0.98,0.0,0.0,0.505,0.0,0
1779784241478,35168502681023429477067370934115172120607397900706971138168146010778726500910,0.505,0.01,0.99,0.98,0.0,0.0,0.505,0.0,0
1779784242479,35168502681023429477067370934115172120607397900706971138168146010778726500910,0.505,0.01,0.99,0.98,0.0,0.0,0.505,0.0,0
1779784243470,35168502681023429477067370934115172120607397900706971138168146010778726500910,0.505,0.01,0.99,0.98,0.0,0.0,0.505,0.0,0
1779784244475,35168502681023429477067370934115172120607397900706971138168146010778726500910,0.505,0.01,0.99,0.98,0.0,0.0,0.505,0.0,0
1779784245470,35168502681023429477067370934115172120607397900706971138168146010778726500910,0.505,0.01,0.99,0.98,0.0,0.0,0.505,0.0,0
1779784246483,35168502681023429477067370934115172120607397900706971138168146010778726500910,0.505,0.01,0.99,0.98,0.0,0.0,0.505,0.0,0
1779784247472,35168502681023429477067370934115172120607397900706971138168146010778726500910,0.505,0.01,0.99,0.98,0.0,0.0,0.505,0.0,0
1779784248471,35168502681023429477067370934115172120607397900706971138168146010778726500910,0.505,0.01,0.99,0.98,0.0,0.0,0.505,0.0,0
1779784249472,35168502681023429477067370934115172120607397900706971138168146010778726500910,0.505,0.01,0.99,0.98,0.0,0.0,0.505,0.0,0
1779784250518,35168502681023429477067370934115172120607397900706971138168146010778726500910,0.505,0.01,0.99,0.98,0.0,0.0,0.505,0.0,0
1779784254316,35168502681023429477067370934115172120607397900706971138168146010778726500910,0.505,0.01,0.99,0.98,0.0,0.0,0.505,0.0,0
1779784255249,35168502681023429477067370934115172120607397900706971138168146010778726500910,0.505,0.01,0.99,0.98,0.0,0.0,0.505,0.0,0
1779784255249,35168502681023429477067370934115172120607397900706971138168146010778726500910,0.505,0.01,0.99,0.98,0.0,0.0,0.505,0.0,0
1779784256239,35168502681023429477067370934115172120607397900706971138168146010778726500910,0.505,0.01,0.99,0.98,0.0,0.0,0.505,0.0,0
1779784257248,35168502681023429477067370934115172120607397900706971138168146010778726500910,0.505,0.01,0.99,0.98,0.0,0.0,0.505,0.0,0
1779784258249,35168502681023429477067370934115172120607397900706971138168146010778726500910,0.505,0.01,0.99,0.98,0.0,0.0,0.505,0.0,0
1779784259251,35168502681023429477067370934115172120607397900706971138168146010778726500910,0.505,0.01,0.99,0.98,0.0,0.0,0.505,0.0,0
1779784260244,35168502681023429477067370934115172120607397900706971138168146010778726500910,0.505,0.01,0.99,0.98,0.0,0.0,0.505,0.0,0
1779784261239,35168502681023429477067370934115172120607397900706971138168146010778726500910,0.505,0.01,0.99,0.98,0.0,0.0,0.505,0.0,0
1779784262243,35168502681023429477067370934115172120607397900706971138168146010778726500910,0.505,0.01,0.99,0.98,0.0,0.0,0.505,0.0,0
1779784263237,35168502681023429477067370934115172120607397900706971138168146010778726500910,0.505,0.01,0.99,0.98,0.0,0.0,0.505,0.0,0
1779784264239,35168502681023429477067370934115172120607397900706971138168146010778726500910,0.505,0.01,0.99,0.98,0.0,0.0,0.505,0.0,0
1779784265241,35168502681023429477067370934115172120607397900706971138168146010778726500910,0.505,0.01,0.99,0.98,0.0,0.0,0.505,0.0,0
1779784266245,35168502681023429477067370934115172120607397900706971138168146010778726500910,0.505,0.01,0.99,0.98,0.0,0.0,0.505,0.0,0
1779784267239,35168502681023429477067370934115172120607397900706971138168146010778726500910,0.505,0.01,0.99,0.98,0.0,0.0,0.505,0.0,0
1779784268242,35168502681023429477067370934115172120607397900706971138168146010778726500910,0.505,0.01,0.99,0.98,0.0,0.0,0.505,0.0,0
1779784269248,35168502681023429477067370934115172120607397900706971138168146010778726500910,0.505,0.01,0.99,0.98,0.0,0.0,0.505,0.0,0
1779784270240,35168502681023429477067370934115172120607397900706971138168146010778726500910,0.505,0.01,0.99,0.98,0.0,0.0,0.505,0.0,0
1779784271248,35168502681023429477067370934115172120607397900706971138168146010778726500910,0.505,0.01,0.99,0.98,0.0,0.0,0.505,0.0,0
1779784272244,35168502681023429477067370934115172120607397900706971138168146010778726500910,0.505,0.01,0.99,0.98,0.0,0.0,0.505,0.0,0
1779784273241,35168502681023429477067370934115172120607397900706971138168146010778726500910,0.505,0.01,0.99,0.98,0.0,0.0,0.505,0.0,0
1779784274244,35168502681023429477067370934115172120607397900706971138168146010778726500910,0.505,0.01,0.99,0.98,0.0,0.0,0.505,0.0,0
1779784275240,35168502681023429477067370934115172120607397900706971138168146010778726500910,0.505,0.01,0.99,0.98,0.0,0.0,0.505,0.0,0
1779784276246,35168502681023429477067370934115172120607397900706971138168146010778726500910,0.505,0.01,0.99,0.98,0.0,0.0,0.505,0.0,0
1779784277242,35168502681023429477067370934115172120607397900706971138168146010778726500910,0.505,0.01,0.99,0.98,0.0,0.0,0.505,0.0,0
1779784278245,35168502681023429477067370934115172120607397900706971138168146010778726500910,0.505,0.01,0.99,0.98,0.0,0.0,0.505,0.0,0
1779784279262,35168502681023429477067370934115172120607397900706971138168146010778726500910,0.505,0.01,0.99,0.98,0.0,0.0,0.505,0.0,0
1779784280244,35168502681023429477067370934115172120607397900706971138168146010778726500910,0.505,0.01,0.99,0.98,0.0,0.0,0.505,0.0,0
1779784281279,35168502681023429477067370934115172120607397900706971138168146010778726500910,0.505,0.01,0.99,0.98,0.0,0.0,0.505,0.0,0
1779784282252,35168502681023429477067370934115172120607397900706971138168146010778726500910,0.505,0.01,0.99,0.98,0.0,0.0,0.505,0.0,0
1779784283254,35168502681023429477067370934115172120607397900706971138168146010778726500910,0.505,0.01,0.99,0.98,0.0,0.0,0.505,0.0,0
1779784284243,35168502681023429477067370934115172120607397900706971138168146010778726500910,0.505,0.01,0.99,0.98,0.0,0.0,0.505,0.0,0
1779784285242,35168502681023429477067370934115172120607397900706971138168146010778726500910,0.505,0.01,0.99,0.98,0.0,0.0,0.505,0.0,0
1779784286245,35168502681023429477067370934115172120607397900706971138168146010778726500910,0.505,0.01,0.99,0.98,0.0,0.0,0.505,0.0,0
1779784287249,35168502681023429477067370934115172120607397900706971138168146010778726500910,0.505,0.01,0.99,0.98,0.0,0.0,0.505,0.0,0
1779784288252,35168502681023429477067370934115172120607397900706971138168146010778726500910,0.505,0.01,0.99,0.98,0.0,0.0,0.505,0.0,0
1779784289248,35168502681023429477067370934115172120607397900706971138168146010778726500910,0.505,0.01,0.99,0.98,0.0,0.0,0.505,0.0,0
1779784290238,35168502681023429477067370934115172120607397900706971138168146010778726500910,0.505,0.01,0.99,0.98,0.0,0.0,0.505,0.0,0
1779784291245,35168502681023429477067370934115172120607397900706971138168146010778726500910,0.505,0.01,0.99,0.98,0.0,0.0,0.505,0.0,0
1779784292238,35168502681023429477067370934115172120607397900706971138168146010778726500910,0.505,0.01,0.99,0.98,0.0,0.0,0.505,0.0,0
1779784293242,35168502681023429477067370934115172120607397900706971138168146010778726500910,0.505,0.01,0.99,0.98,0.0,0.0,0.505,0.0,0
1779784294239,35168502681023429477067370934115172120607397900706971138168146010778726500910,0.505,0.01,0.99,0.98,0.0,0.0,0.505,0.0,0
1779784295244,35168502681023429477067370934115172120607397900706971138168146010778726500910,0.505,0.01,0.99,0.98,0.0,0.0,0.505,0.0,0
1779784296249,35168502681023429477067370934115172120607397900706971138168146010778726500910,0.505,0.01,0.99,0.98,0.0,0.0,0.505,0.0,0
1779784297246,35168502681023429477067370934115172120607397900706971138168146010778726500910,0.505,0.01,0.99,0.98,0.0,0.0,0.505,0.0,0
1779784298245,35168502681023429477067370934115172120607397900706971138168146010778726500910,0.505,0.01,0.99,0.98,0.0,0.0,0.505,0.0,0
1779784299243,35168502681023429477067370934115172120607397900706971138168146010778726500910,0.505,0.01,0.99,0.98,0.0,0.0,0.505,0.0,0
1779784300248,35168502681023429477067370934115172120607397900706971138168146010778726500910,0.505,0.01,0.99,0.98,0.0,0.0,0.505,0.0,0
1779784301241,35168502681023429477067370934115172120607397900706971138168146010778726500910,0.505,0.01,0.99,0.98,0.0,0.0,0.505,0.0,0
1779784302248,35168502681023429477067370934115172120607397900706971138168146010778726500910,0.505,0.01,0.99,0.98,0.0,0.0,0.505,0.0,0
1779784303240,35168502681023429477067370934115172120607397900706971138168146010778726500910,0.505,0.01,0.99,0.98,0.0,0.0,0.505,0.0,0
1779784304242,35168502681023429477067370934115172120607397900706971138168146010778726500910,0.505,0.01,0.99,0.98,0.0,0.0,0.505,0.0,0
1779784305279,35168502681023429477067370934115172120607397900706971138168146010778726500910,0.505,0.01,0.99,0.98,0.0,0.0,0.505,0.0,0
1779784306246,35168502681023429477067370934115172120607397900706971138168146010778726500910,0.505,0.01,0.99,0.98,0.0,0.0,0.505,0.0,0
1779784307245,35168502681023429477067370934115172120607397900706971138168146010778726500910,0.505,0.01,0.99,0.98,0.0,0.0,0.505,0.0,0
1779784308252,35168502681023429477067370934115172120607397900706971138168146010778726500910,0.505,0.01,0.99,0.98,0.0,0.0,0.505,0.0,0
1779784309246,35168502681023429477067370934115172120607397900706971138168146010778726500910,0.505,0.01,0.99,0.98,0.0,0.0,0.505,0.0,0
1779784310243,35168502681023429477067370934115172120607397900706971138168146010778726500910,0.505,0.01,0.99,0.98,0.0,0.0,0.505,0.0,0
1779784311240,35168502681023429477067370934115172120607397900706971138168146010778726500910,0.505,0.01,0.99,0.98,0.0,0.0,0.505,0.0,0
1779784312249,35168502681023429477067370934115172120607397900706971138168146010778726500910,0.505,0.01,0.99,0.98,0.0,0.0,0.505,0.0,0
1779784313249,35168502681023429477067370934115172120607397900706971138168146010778726500910,0.505,0.01,0.99,0.98,0.0,0.0,0.505,0.0,0
1779784314244,35168502681023429477067370934115172120607397900706971138168146010778726500910,0.505,0.01,0.99,0.98,0.0,0.0,0.505,0.0,0
1779784315254,35168502681023429477067370934115172120607397900706971138168146010778726500910,0.505,0.01,0.99,0.98,0.0,0.0,0.505,0.0,0
1779784316249,35168502681023429477067370934115172120607397900706971138168146010778726500910,0.505,0.01,0.99,0.98,0.0,0.0,0.505,0.0,0
1779784317253,35168502681023429477067370934115172120607397900706971138168146010778726500910,0.505,0.01,0.99,0.98,0.0,0.0,0.505,0.0,0
1779784318252,35168502681023429477067370934115172120607397900706971138168146010778726500910,0.505,0.01,0.99,0.98,0.0,0.0,0.505,0.0,0
1779784319248,35168502681023429477067370934115172120607397900706971138168146010778726500910,0.505,0.01,0.99,0.98,0.0,0.0,0.505,0.0,0
1779784320242,35168502681023429477067370934115172120607397900706971138168146010778726500910,0.505,0.01,0.99,0.98,0.0,0.0,0.505,0.0,0
1779784321249,35168502681023429477067370934115172120607397900706971138168146010778726500910,0.505,0.01,0.99,0.98,0.0,0.0,0.505,0.0,0
1779784322248,35168502681023429477067370934115172120607397900706971138168146010778726500910,0.505,0.01,0.99,0.98,0.0,0.0,0.505,0.0,0
1779784323255,35168502681023429477067370934115172120607397900706971138168146010778726500910,0.505,0.01,0.99,0.98,0.0,0.0,0.505,0.0,0
1779784324248,35168502681023429477067370934115172120607397900706971138168146010778726500910,0.505,0.01,0.99,0.98,0.0,0.0,0.505,0.0,0
1779784325247,35168502681023429477067370934115172120607397900706971138168146010778726500910,0.505,0.01,0.99,0.98,0.0,0.0,0.505,0.0,0
1779784326239,35168502681023429477067370934115172120607397900706971138168146010778726500910,0.505,0.01,0.99,0.98,0.0,0.0,0.505,0.0,0
1779784327240,35168502681023429477067370934115172120607397900706971138168146010778726500910,0.505,0.01,0.99,0.98,0.0,0.0,0.505,0.0,0
1779784328243,35168502681023429477067370934115172120607397900706971138168146010778726500910,0.505,0.01,0.99,0.98,0.0,0.0,0.505,0.0,0
1779784329251,35168502681023429477067370934115172120607397900706971138168146010778726500910,0.505,0.01,0.99,0.98,0.0,0.0,0.505,0.0,0
1779784330244,35168502681023429477067370934115172120607397900706971138168146010778726500910,0.505,0.01,0.99,0.98,0.0,0.0,0.505,0.0,0
1779784331248,35168502681023429477067370934115172120607397900706971138168146010778726500910,0.505,0.01,0.99,0.98,0.0,0.0,0.505,0.0,0
1779784332248,35168502681023429477067370934115172120607397900706971138168146010778726500910,0.505,0.01,0.99,0.98,0.0,0.0,0.505,0.0,0
1779784333240,35168502681023429477067370934115172120607397900706971138168146010778726500910,0.505,0.01,0.99,0.98,0.0,0.0,0.505,0.0,0
1779784334251,35168502681023429477067370934115172120607397900706971138168146010778726500910,0.505,0.01,0.99,0.98,0.0,0.0,0.505,0.0,0
1779784335244,35168502681023429477067370934115172120607397900706971138168146010778726500910,0.505,0.01,0.99,0.98,0.0,0.0,0.505,0.0,0
1779784336249,35168502681023429477067370934115172120607397900706971138168146010778726500910,0.505,0.01,0.99,0.98,0.0,0.0,0.505,0.0,0
1779784337255,35168502681023429477067370934115172120607397900706971138168146010778726500910,0.505,0.01,0.99,0.98,0.0,0.0,0.505,0.0,0
1779784338252,35168502681023429477067370934115172120607397900706971138168146010778726500910,0.505,0.01,0.99,0.98,0.0,0.0,0.505,0.0,0
1779784339245,35168502681023429477067370934115172120607397900706971138168146010778726500910,0.505,0.01,0.99,0.98,0.0,0.0,0.505,0.0,0
1779784340254,35168502681023429477067370934115172120607397900706971138168146010778726500910,0.505,0.01,0.99,0.98,0.0,0.0,0.505,0.0,0
1779784341240,35168502681023429477067370934115172120607397900706971138168146010778726500910,0.505,0.01,0.99,0.98,0.0,0.0,0.505,0.0,0
1779784342247,35168502681023429477067370934115172120607397900706971138168146010778726500910,0.505,0.01,0.99,0.98,0.0,0.0,0.505,0.0,0
1779784343246,35168502681023429477067370934115172120607397900706971138168146010778726500910,0.505,0.01,0.99,0.98,0.0,0.0,0.505,0.0,0
1779784344251,35168502681023429477067370934115172120607397900706971138168146010778726500910,0.505,0.01,0.99,0.98,0.0,0.0,0.505,0.0,0
1779784345246,35168502681023429477067370934115172120607397900706971138168146010778726500910,0.505,0.01,0.99,0.98,0.0,0.0,0.505,0.0,0
1779784346261,35168502681023429477067370934115172120607397900706971138168146010778726500910,0.505,0.01,0.99,0.98,0.0,0.0,0.505,0.0,0
1779784347244,35168502681023429477067370934115172120607397900706971138168146010778726500910,0.505,0.01,0.99,0.98,0.0,0.0,0.505,0.0,0
1779784348245,35168502681023429477067370934115172120607397900706971138168146010778726500910,0.505,0.01,0.99,0.98,0.0,0.0,0.505,0.0,0
1779784349247,35168502681023429477067370934115172120607397900706971138168146010778726500910,0.505,0.01,0.99,0.98,0.0,0.0,0.505,0.0,0
1779784350247,35168502681023429477067370934115172120607397900706971138168146010778726500910,0.505,0.01,0.99,0.98,0.0,0.0,0.505,0.0,0
1779784351249,35168502681023429477067370934115172120607397900706971138168146010778726500910,0.505,0.01,0.99,0.98,0.0,0.0,0.505,0.0,0
1779784352248,35168502681023429477067370934115172120607397900706971138168146010778726500910,0.505,0.01,0.99,0.98,0.0,0.0,0.505,0.0,0
1779784353247,35168502681023429477067370934115172120607397900706971138168146010778726500910,0.505,0.01,0.99,0.98,0.0,0.0,0.505,0.0,0
1779784354244,35168502681023429477067370934115172120607397900706971138168146010778726500910,0.505,0.01,0.99,0.98,0.0,0.0,0.505,0.0,0
1779784355256,35168502681023429477067370934115172120607397900706971138168146010778726500910,0.505,0.01,0.99,0.98,0.0,0.0,0.505,0.0,0
1779784356261,35168502681023429477067370934115172120607397900706971138168146010778726500910,0.505,0.01,0.99,0.98,0.0,0.0,0.505,0.0,0
1779784357253,35168502681023429477067370934115172120607397900706971138168146010778726500910,0.505,0.01,0.99,0.98,0.0,0.0,0.505,0.0,0
1779784358242,35168502681023429477067370934115172120607397900706971138168146010778726500910,0.505,0.01,0.99,0.98,0.0,0.0,0.505,0.0,0
1779784359246,35168502681023429477067370934115172120607397900706971138168146010778726500910,0.505,0.01,0.99,0.98,0.0,0.0,0.505,0.0,0
1779784360245,35168502681023429477067370934115172120607397900706971138168146010778726500910,0.505,0.01,0.99,0.98,0.0,0.0,0.505,0.0,0
1779784361241,35168502681023429477067370934115172120607397900706971138168146010778726500910,0.505,0.01,0.99,0.98,0.0,0.0,0.505,0.0,0
1779784362240,35168502681023429477067370934115172120607397900706971138168146010778726500910,0.505,0.01,0.99,0.98,0.0,0.0,0.505,0.0,0
1779784363241,35168502681023429477067370934115172120607397900706971138168146010778726500910,0.505,0.01,0.99,0.98,0.0,0.0,0.505,0.0,0
1779784364242,35168502681023429477067370934115172120607397900706971138168146010778726500910,0.505,0.01,0.99,0.98,0.0,0.0,0.505,0.0,0
1779784365260,35168502681023429477067370934115172120607397900706971138168146010778726500910,0.505,0.01,0.99,0.98,0.0,0.0,0.505,0.0,0
1779784366248,35168502681023429477067370934115172120607397900706971138168146010778726500910,0.505,0.01,0.99,0.98,0.0,0.0,0.505,0.0,0
1779784367243,35168502681023429477067370934115172120607397900706971138168146010778726500910,0.505,0.01,0.99,0.98,0.0,0.0,0.505,0.0,0
1779784368242,35168502681023429477067370934115172120607397900706971138168146010778726500910,0.505,0.01,0.99,0.98,0.0,0.0,0.505,0.0,0
1779784369249,35168502681023429477067370934115172120607397900706971138168146010778726500910,0.505,0.01,0.99,0.98,0.0,0.0,0.505,0.0,0
1779784370240,35168502681023429477067370934115172120607397900706971138168146010778726500910,0.505,0.01,0.99,0.98,0.0,0.0,0.505,0.0,0
1779784371246,35168502681023429477067370934115172120607397900706971138168146010778726500910,0.505,0.01,0.99,0.98,0.0,0.0,0.505,0.0,0
1779784372246,35168502681023429477067370934115172120607397900706971138168146010778726500910,0.505,0.01,0.99,0.98,0.0,0.0,0.505,0.0,0
1779784373247,35168502681023429477067370934115172120607397900706971138168146010778726500910,0.505,0.01,0.99,0.98,0.0,0.0,0.505,0.0,0
1779784374242,35168502681023429477067370934115172120607397900706971138168146010778726500910,0.505,0.01,0.99,0.98,0.0,0.0,0.505,0.0,0
1779784375241,35168502681023429477067370934115172120607397900706971138168146010778726500910,0.505,0.01,0.99,0.98,0.0,0.0,0.505,0.0,0
1779784376249,35168502681023429477067370934115172120607397900706971138168146010778726500910,0.505,0.01,0.99,0.98,0.0,0.0,0.505,0.0,0
1779784377248,35168502681023429477067370934115172120607397900706971138168146010778726500910,0.505,0.01,0.99,0.98,0.0,0.0,0.505,0.0,0
1779784378244,35168502681023429477067370934115172120607397900706971138168146010778726500910,0.505,0.01,0.99,0.98,0.0,0.0,0.505,0.0,0
1779784379242,35168502681023429477067370934115172120607397900706971138168146010778726500910,0.505,0.01,0.99,0.98,0.0,0.0,0.505,0.0,0
1779784380250,35168502681023429477067370934115172120607397900706971138168146010778726500910,0.505,0.01,0.99,0.98,0.0,0.0,0.505,0.0,0
1779784381249,35168502681023429477067370934115172120607397900706971138168146010778726500910,0.505,0.01,0.99,0.98,0.0,0.0,0.505,0.0,0
1779784382249,35168502681023429477067370934115172120607397900706971138168146010778726500910,0.505,0.01,0.99,0.98,0.0,0.0,0.505,0.0,0
1779784383263,35168502681023429477067370934115172120607397900706971138168146010778726500910,0.505,0.01,0.99,0.98,0.0,0.0,0.505,0.0,0
1779784384245,35168502681023429477067370934115172120607397900706971138168146010778726500910,0.505,0.01,0.99,0.98,0.0,0.0,0.505,0.0,0
1779784385242,35168502681023429477067370934115172120607397900706971138168146010778726500910,0.505,0.01,0.99,0.98,0.0,0.0,0.505,0.0,0
1779784386242,35168502681023429477067370934115172120607397900706971138168146010778726500910,0.505,0.01,0.99,0.98,0.0,0.0,0.505,0.0,0
1779784387247,35168502681023429477067370934115172120607397900706971138168146010778726500910,0.505,0.01,0.99,0.98,0.0,0.0,0.505,0.0,0
1779784388241,35168502681023429477067370934115172120607397900706971138168146010778726500910,0.505,0.01,0.99,0.98,0.0,0.0,0.505,0.0,0
1779784389248,35168502681023429477067370934115172120607397900706971138168146010778726500910,0.505,0.01,0.99,0.98,0.0,0.0,0.505,0.0,0
1779784390255,35168502681023429477067370934115172120607397900706971138168146010778726500910,0.505,0.01,0.99,0.98,0.0,0.0,0.505,0.0,0
1779784391245,35168502681023429477067370934115172120607397900706971138168146010778726500910,0.505,0.01,0.99,0.98,0.0,0.0,0.505,0.0,0
1779784392248,35168502681023429477067370934115172120607397900706971138168146010778726500910,0.505,0.01,0.99,0.98,0.0,0.0,0.505,0.0,0
1779784393247,35168502681023429477067370934115172120607397900706971138168146010778726500910,0.505,0.01,0.99,0.98,0.0,0.0,0.505,0.0,0
1779784394240,35168502681023429477067370934115172120607397900706971138168146010778726500910,0.505,0.01,0.99,0.98,0.0,0.0,0.505,0.0,0
1779784395249,35168502681023429477067370934115172120607397900706971138168146010778726500910,0.505,0.01,0.99,0.98,0.0,0.0,0.505,0.0,0
1779784396252,35168502681023429477067370934115172120607397900706971138168146010778726500910,0.505,0.01,0.99,0.98,0.0,0.0,0.505,0.0,0
1779784397286,35168502681023429477067370934115172120607397900706971138168146010778726500910,0.505,0.01,0.99,0.98,0.0,0.0,0.505,0.0,0
1779784398366,35168502681023429477067370934115172120607397900706971138168146010778726500910,0.505,0.01,0.99,0.98,0.0,0.0,0.505,0.0,0
1779784399243,35168502681023429477067370934115172120607397900706971138168146010778726500910,0.505,0.01,0.99,0.98,0.0,0.0,0.505,0.0,0
1779784400250,35168502681023429477067370934115172120607397900706971138168146010778726500910,0.505,0.01,0.99,0.98,0.0,0.0,0.505,0.0,0
1779784401242,35168502681023429477067370934115172120607397900706971138168146010778726500910,0.505,0.01,0.99,0.98,0.0,0.0,0.505,0.0,0
1779784402253,35168502681023429477067370934115172120607397900706971138168146010778726500910,0.505,0.01,0.99,0.98,0.0,0.0,0.505,0.0,0
1779784403242,35168502681023429477067370934115172120607397900706971138168146010778726500910,0.505,0.01,0.99,0.98,0.0,0.0,0.505,0.0,0
1779784404244,35168502681023429477067370934115172120607397900706971138168146010778726500910,0.505,0.01,0.99,0.98,0.0,0.0,0.505,0.0,0
1779784405256,35168502681023429477067370934115172120607397900706971138168146010778726500910,0.505,0.01,0.99,0.98,0.0,0.0,0.505,0.0,0
1779784406247,35168502681023429477067370934115172120607397900706971138168146010778726500910,0.505,0.01,0.99,0.98,0.0,0.0,0.505,0.0,0
1779784407248,35168502681023429477067370934115172120607397900706971138168146010778726500910,0.505,0.01,0.99,0.98,0.0,0.0,0.505,0.0,0
1779784408247,35168502681023429477067370934115172120607397900706971138168146010778726500910,0.505,0.01,0.99,0.98,0.0,0.0,0.505,0.0,0
1779784409243,35168502681023429477067370934115172120607397900706971138168146010778726500910,0.505,0.01,0.99,0.98,0.0,0.0,0.505,0.0,0
1779784410243,35168502681023429477067370934115172120607397900706971138168146010778726500910,0.505,0.01,0.99,0.98,0.0,0.0,0.505,0.0,0
1779784411256,35168502681023429477067370934115172120607397900706971138168146010778726500910,0.505,0.01,0.99,0.98,0.0,0.0,0.505,0.0,0
1779784412260,35168502681023429477067370934115172120607397900706971138168146010778726500910,0.505,0.01,0.99,0.98,0.0,0.0,0.505,0.0,0
1779784413307,35168502681023429477067370934115172120607397900706971138168146010778726500910,0.505,0.01,0.99,0.98,0.0,0.0,0.505,0.0,0
1779784414248,35168502681023429477067370934115172120607397900706971138168146010778726500910,0.505,0.01,0.99,0.98,0.0,0.0,0.505,0.0,0
1779784415249,35168502681023429477067370934115172120607397900706971138168146010778726500910,0.505,0.01,0.99,0.98,0.0,0.0,0.505,0.0,0
1779784416247,35168502681023429477067370934115172120607397900706971138168146010778726500910,0.505,0.01,0.99,0.98,0.0,0.0,0.505,0.0,0
1779784417244,35168502681023429477067370934115172120607397900706971138168146010778726500910,0.505,0.01,0.99,0.98,0.0,0.0,0.505,0.0,0
1779784418247,35168502681023429477067370934115172120607397900706971138168146010778726500910,0.505,0.01,0.99,0.98,0.0,0.0,0.505,0.0,0
1779784419290,35168502681023429477067370934115172120607397900706971138168146010778726500910,0.505,0.01,0.99,0.98,0.0,0.0,0.505,0.0,0
1779784420245,35168502681023429477067370934115172120607397900706971138168146010778726500910,0.505,0.01,0.99,0.98,0.0,0.0,0.505,0.0,0
1779784421243,35168502681023429477067370934115172120607397900706971138168146010778726500910,0.505,0.01,0.99,0.98,0.0,0.0,0.505,0.0,0
1779784422248,35168502681023429477067370934115172120607397900706971138168146010778726500910,0.505,0.01,0.99,0.98,0.0,0.0,0.505,0.0,0
1779784423245,35168502681023429477067370934115172120607397900706971138168146010778726500910,0.505,0.01,0.99,0.98,0.0,0.0,0.505,0.0,0
1779784424243,35168502681023429477067370934115172120607397900706971138168146010778726500910,0.505,0.01,0.99,0.98,0.0,0.0,0.505,0.0,0
1779784425243,35168502681023429477067370934115172120607397900706971138168146010778726500910,0.505,0.01,0.99,0.98,0.0,0.0,0.505,0.0,0
1779784426248,35168502681023429477067370934115172120607397900706971138168146010778726500910,0.505,0.01,0.99,0.98,0.0,0.0,0.505,0.0,0
1779784427247,35168502681023429477067370934115172120607397900706971138168146010778726500910,0.505,0.01,0.99,0.98,0.0,0.0,0.505,0.0,0
1779784428244,35168502681023429477067370934115172120607397900706971138168146010778726500910,0.505,0.01,0.99,0.98,0.0,0.0,0.505,0.0,0
1779784429246,35168502681023429477067370934115172120607397900706971138168146010778726500910,0.505,0.01,0.99,0.98,0.0,0.0,0.505,0.0,0
1779784430251,35168502681023429477067370934115172120607397900706971138168146010778726500910,0.505,0.01,0.99,0.98,0.0,0.0,0.505,0.0,0
1779784431247,35168502681023429477067370934115172120607397900706971138168146010778726500910,0.505,0.01,0.99,0.98,0.0,0.0,0.505,0.0,0
1779784432250,35168502681023429477067370934115172120607397900706971138168146010778726500910,0.505,0.01,0.99,0.98,0.0,0.0,0.505,0.0,0
1779784433250,35168502681023429477067370934115172120607397900706971138168146010778726500910,0.505,0.01,0.99,0.98,0.0,0.0,0.505,0.0,0
1779784434259,35168502681023429477067370934115172120607397900706971138168146010778726500910,0.505,0.01,0.99,0.98,0.0,0.0,0.505,0.0,0
1779784435243,35168502681023429477067370934115172120607397900706971138168146010778726500910,0.505,0.01,0.99,0.98,0.0,0.0,0.505,0.0,0
1779784436274,35168502681023429477067370934115172120607397900706971138168146010778726500910,0.505,0.01,0.99,0.98,0.0,0.0,0.505,0.0,0
1779784437242,35168502681023429477067370934115172120607397900706971138168146010778726500910,0.505,0.01,0.99,0.98,0.0,0.0,0.505,0.0,0
1779784438242,35168502681023429477067370934115172120607397900706971138168146010778726500910,0.505,0.01,0.99,0.98,0.0,0.0,0.505,0.0,0
1779784439244,35168502681023429477067370934115172120607397900706971138168146010778726500910,0.505,0.01,0.99,0.98,0.0,0.0,0.505,0.0,0
1779784440250,35168502681023429477067370934115172120607397900706971138168146010778726500910,0.505,0.01,0.99,0.98,0.0,0.0,0.505,0.0,0
1779784441250,35168502681023429477067370934115172120607397900706971138168146010778726500910,0.505,0.01,0.99,0.98,0.0,0.0,0.505,0.0,0
1779784442246,35168502681023429477067370934115172120607397900706971138168146010778726500910,0.505,0.01,0.99,0.98,0.0,0.0,0.505,0.0,0
1779784443244,35168502681023429477067370934115172120607397900706971138168146010778726500910,0.505,0.01,0.99,0.98,0.0,0.0,0.505,0.0,0
1779784444244,35168502681023429477067370934115172120607397900706971138168146010778726500910,0.505,0.01,0.99,0.98,0.0,0.0,0.505,0.0,0
1779784445257,35168502681023429477067370934115172120607397900706971138168146010778726500910,0.505,0.01,0.99,0.98,0.0,0.0,0.505,0.0,0
1779784446248,35168502681023429477067370934115172120607397900706971138168146010778726500910,0.505,0.01,0.99,0.98,0.0,0.0,0.505,0.0,0
1779784447242,35168502681023429477067370934115172120607397900706971138168146010778726500910,0.505,0.01,0.99,0.98,0.0,0.0,0.505,0.0,0
1779784448260,35168502681023429477067370934115172120607397900706971138168146010778726500910,0.505,0.01,0.99,0.98,0.0,0.0,0.505,0.0,0
1779784449242,35168502681023429477067370934115172120607397900706971138168146010778726500910,0.505,0.01,0.99,0.98,0.0,0.0,0.505,0.0,0
1779784450248,35168502681023429477067370934115172120607397900706971138168146010778726500910,0.505,0.01,0.99,0.98,0.0,0.0,0.505,0.0,0
1779784451250,35168502681023429477067370934115172120607397900706971138168146010778726500910,0.505,0.01,0.99,0.98,0.0,0.0,0.505,0.0,0
1779784452244,35168502681023429477067370934115172120607397900706971138168146010778726500910,0.505,0.01,0.99,0.98,0.0,0.0,0.505,0.0,0
1779784453250,35168502681023429477067370934115172120607397900706971138168146010778726500910,0.505,0.01,0.99,0.98,0.0,0.0,0.505,0.0,0
1779784454242,35168502681023429477067370934115172120607397900706971138168146010778726500910,0.505,0.01,0.99,0.98,0.0,0.0,0.505,0.0,0
1779784455244,35168502681023429477067370934115172120607397900706971138168146010778726500910,0.505,0.01,0.99,0.98,0.0,0.0,0.505,0.0,0
1779784456250,35168502681023429477067370934115172120607397900706971138168146010778726500910,0.505,0.01,0.99,0.98,0.0,0.0,0.505,0.0,0
1779784457244,35168502681023429477067370934115172120607397900706971138168146010778726500910,0.505,0.01,0.99,0.98,0.0,0.0,0.505,0.0,0
1779784458252,35168502681023429477067370934115172120607397900706971138168146010778726500910,0.505,0.01,0.99,0.98,0.0,0.0,0.505,0.0,0
1779784459253,35168502681023429477067370934115172120607397900706971138168146010778726500910,0.505,0.01,0.99,0.98,0.0,0.0,0.505,0.0,0
1779784460247,35168502681023429477067370934115172120607397900706971138168146010778726500910,0.505,0.01,0.99,0.98,0.0,0.0,0.505,0.0,0
1779784461245,35168502681023429477067370934115172120607397900706971138168146010778726500910,0.505,0.01,0.99,0.98,0.0,0.0,0.505,0.0,0
1779784462253,35168502681023429477067370934115172120607397900706971138168146010778726500910,0.505,0.01,0.99,0.98,0.0,0.0,0.505,0.0,0
1779784463246,35168502681023429477067370934115172120607397900706971138168146010778726500910,0.505,0.01,0.99,0.98,0.0,0.0,0.505,0.0,0
1779784464262,35168502681023429477067370934115172120607397900706971138168146010778726500910,0.505,0.01,0.99,0.98,0.0,0.0,0.505,0.0,0
1779784465248,35168502681023429477067370934115172120607397900706971138168146010778726500910,0.505,0.01,0.99,0.98,0.0,0.0,0.505,0.0,0
1779784466247,35168502681023429477067370934115172120607397900706971138168146010778726500910,0.505,0.01,0.99,0.98,0.0,0.0,0.505,0.0,0
1779784467246,35168502681023429477067370934115172120607397900706971138168146010778726500910,0.505,0.01,0.99,0.98,0.0,0.0,0.505,0.0,0
1779784468256,35168502681023429477067370934115172120607397900706971138168146010778726500910,0.505,0.01,0.99,0.98,0.0,0.0,0.505,0.0,0
1779784469244,35168502681023429477067370934115172120607397900706971138168146010778726500910,0.505,0.01,0.99,0.98,0.0,0.0,0.505,0.0,0
1779784470247,35168502681023429477067370934115172120607397900706971138168146010778726500910,0.505,0.01,0.99,0.98,0.0,0.0,0.505,0.0,0
1779784471247,35168502681023429477067370934115172120607397900706971138168146010778726500910,0.505,0.01,0.99,0.98,0.0,0.0,0.505,0.0,0
1779784472248,35168502681023429477067370934115172120607397900706971138168146010778726500910,0.505,0.01,0.99,0.98,0.0,0.0,0.505,0.0,0
1779784473251,35168502681023429477067370934115172120607397900706971138168146010778726500910,0.505,0.01,0.99,0.98,0.0,0.0,0.505,0.0,0
1779784474243,35168502681023429477067370934115172120607397900706971138168146010778726500910,0.505,0.01,0.99,0.98,0.0,0.0,0.505,0.0,0
1779784475245,35168502681023429477067370934115172120607397900706971138168146010778726500910,0.505,0.01,0.99,0.98,0.0,0.0,0.505,0.0,0
1779784476254,35168502681023429477067370934115172120607397900706971138168146010778726500910,0.505,0.01,0.99,0.98,0.0,0.0,0.505,0.0,0
1779784477251,35168502681023429477067370934115172120607397900706971138168146010778726500910,0.505,0.01,0.99,0.98,0.0,0.0,0.505,0.0,0
1779784478258,35168502681023429477067370934115172120607397900706971138168146010778726500910,0.505,0.01,0.99,0.98,0.0,0.0,0.505,0.0,0
1779784479269,35168502681023429477067370934115172120607397900706971138168146010778726500910,0.505,0.01,0.99,0.98,0.0,0.0,0.505,0.0,0
1779784480252,35168502681023429477067370934115172120607397900706971138168146010778726500910,0.505,0.01,0.99,0.98,0.0,0.0,0.505,0.0,0
1779784481249,35168502681023429477067370934115172120607397900706971138168146010778726500910,0.505,0.01,0.99,0.98,0.0,0.0,0.505,0.0,0
1779784482244,35168502681023429477067370934115172120607397900706971138168146010778726500910,0.505,0.01,0.99,0.98,0.0,0.0,0.505,0.0,0
1779784483259,35168502681023429477067370934115172120607397900706971138168146010778726500910,0.505,0.01,0.99,0.98,0.0,0.0,0.505,0.0,0
1779784484251,35168502681023429477067370934115172120607397900706971138168146010778726500910,0.505,0.01,0.99,0.98,0.0,0.0,0.505,0.0,0
1779784485283,35168502681023429477067370934115172120607397900706971138168146010778726500910,0.505,0.01,0.99,0.98,0.0,0.0,0.505,0.0,0
1779784486256,35168502681023429477067370934115172120607397900706971138168146010778726500910,0.505,0.01,0.99,0.98,0.0,0.0,0.505,0.0,0
1779784487250,35168502681023429477067370934115172120607397900706971138168146010778726500910,0.505,0.01,0.99,0.98,0.0,0.0,0.505,0.0,0
1779784488256,35168502681023429477067370934115172120607397900706971138168146010778726500910,0.505,0.01,0.99,0.98,0.0,0.0,0.505,0.0,0
1779784489246,35168502681023429477067370934115172120607397900706971138168146010778726500910,0.505,0.01,0.99,0.98,0.0,0.0,0.505,0.0,0
1779784490250,35168502681023429477067370934115172120607397900706971138168146010778726500910,0.505,0.01,0.99,0.98,0.0,0.0,0.505,0.0,0
1779784491244,35168502681023429477067370934115172120607397900706971138168146010778726500910,0.505,0.01,0.99,0.98,0.0,0.0,0.505,0.0,0
1779784492244,35168502681023429477067370934115172120607397900706971138168146010778726500910,0.505,0.01,0.99,0.98,0.0,0.0,0.505,0.0,0
1779784493247,35168502681023429477067370934115172120607397900706971138168146010778726500910,0.505,0.01,0.99,0.98,0.0,0.0,0.505,0.0,0
1779784494249,35168502681023429477067370934115172120607397900706971138168146010778726500910,0.505,0.01,0.99,0.98,0.0,0.0,0.505,0.0,0
1779784495252,35168502681023429477067370934115172120607397900706971138168146010778726500910,0.505,0.01,0.99,0.98,0.0,0.0,0.505,0.0,0
1779784496252,35168502681023429477067370934115172120607397900706971138168146010778726500910,0.505,0.01,0.99,0.98,0.0,0.0,0.505,0.0,0
1779784497243,35168502681023429477067370934115172120607397900706971138168146010778726500910,0.505,0.01,0.99,0.98,0.0,0.0,0.505,0.0,0
1779784498257,35168502681023429477067370934115172120607397900706971138168146010778726500910,0.505,0.01,0.99,0.98,0.0,0.0,0.505,0.0,0
1779784499244,35168502681023429477067370934115172120607397900706971138168146010778726500910,0.505,0.01,0.99,0.98,0.0,0.0,0.505,0.0,0
1779784500251,35168502681023429477067370934115172120607397900706971138168146010778726500910,0.505,0.01,0.99,0.98,0.0,0.0,0.505,0.0,0
1779784501249,35168502681023429477067370934115172120607397900706971138168146010778726500910,0.505,0.01,0.99,0.98,0.0,0.0,0.505,0.0,0
1779784502247,35168502681023429477067370934115172120607397900706971138168146010778726500910,0.505,0.01,0.99,0.98,0.0,0.0,0.505,0.0,0
1779784503248,35168502681023429477067370934115172120607397900706971138168146010778726500910,0.505,0.01,0.99,0.98,0.0,0.0,0.505,0.0,0
1779784504251,35168502681023429477067370934115172120607397900706971138168146010778726500910,0.505,0.01,0.99,0.98,0.0,0.0,0.505,0.0,0
1779784505254,35168502681023429477067370934115172120607397900706971138168146010778726500910,0.505,0.01,0.99,0.98,0.0,0.0,0.505,0.0,0
1779784506249,35168502681023429477067370934115172120607397900706971138168146010778726500910,0.505,0.01,0.99,0.98,0.0,0.0,0.505,0.0,0
1779784507250,35168502681023429477067370934115172120607397900706971138168146010778726500910,0.505,0.01,0.99,0.98,0.0,0.0,0.505,0.0,0
1779784508252,35168502681023429477067370934115172120607397900706971138168146010778726500910,0.505,0.01,0.99,0.98,0.0,0.0,0.505,0.0,0
1779784509252,35168502681023429477067370934115172120607397900706971138168146010778726500910,0.505,0.01,0.99,0.98,0.0,0.0,0.505,0.0,0
1779784510276,35168502681023429477067370934115172120607397900706971138168146010778726500910,0.505,0.01,0.99,0.98,0.0,0.0,0.505,0.0,0
1779784511245,35168502681023429477067370934115172120607397900706971138168146010778726500910,0.505,0.01,0.99,0.98,0.0,0.0,0.505,0.0,0
1779784512266,35168502681023429477067370934115172120607397900706971138168146010778726500910,0.505,0.01,0.99,0.98,0.0,0.0,0.505,0.0,0
1779784513250,35168502681023429477067370934115172120607397900706971138168146010778726500910,0.505,0.01,0.99,0.98,0.0,0.0,0.505,0.0,0
1779784514245,35168502681023429477067370934115172120607397900706971138168146010778726500910,0.505,0.01,0.99,0.98,0.0,0.0,0.505,0.0,0
1779784515255,35168502681023429477067370934115172120607397900706971138168146010778726500910,0.505,0.01,0.99,0.98,0.0,0.0,0.505,0.0,0
1779784516244,35168502681023429477067370934115172120607397900706971138168146010778726500910,0.505,0.01,0.99,0.98,0.0,0.0,0.505,0.0,0
1779784517252,35168502681023429477067370934115172120607397900706971138168146010778726500910,0.505,0.01,0.99,0.98,0.0,0.0,0.505,0.0,0
1779784518248,35168502681023429477067370934115172120607397900706971138168146010778726500910,0.505,0.01,0.99,0.98,0.0,0.0,0.505,0.0,0
1779784519249,35168502681023429477067370934115172120607397900706971138168146010778726500910,0.505,0.01,0.99,0.98,0.0,0.0,0.505,0.0,0
1779784520311,35168502681023429477067370934115172120607397900706971138168146010778726500910,0.505,0.01,0.99,0.98,0.0,0.0,0.505,0.0,0
1779784521244,35168502681023429477067370934115172120607397900706971138168146010778726500910,0.505,0.01,0.99,0.98,0.0,0.0,0.505,0.0,0
1779784522264,35168502681023429477067370934115172120607397900706971138168146010778726500910,0.505,0.01,0.99,0.98,0.0,0.0,0.505,0.0,0
1779784523262,35168502681023429477067370934115172120607397900706971138168146010778726500910,0.505,0.01,0.99,0.98,0.0,0.0,0.505,0.0,0
1779784524252,35168502681023429477067370934115172120607397900706971138168146010778726500910,0.505,0.01,0.99,0.98,0.0,0.0,0.505,0.0,0
1779784525250,35168502681023429477067370934115172120607397900706971138168146010778726500910,0.505,0.01,0.99,0.98,0.0,0.0,0.505,0.0,0
1779784526255,35168502681023429477067370934115172120607397900706971138168146010778726500910,0.505,0.01,0.99,0.98,0.0,0.0,0.505,0.0,0
1779784527256,35168502681023429477067370934115172120607397900706971138168146010778726500910,0.505,0.01,0.99,0.98,0.0,0.0,0.505,0.0,0
1779784528259,35168502681023429477067370934115172120607397900706971138168146010778726500910,0.505,0.01,0.99,0.98,0.0,0.0,0.505,0.0,0
1779784529251,35168502681023429477067370934115172120607397900706971138168146010778726500910,0.505,0.01,0.99,0.98,0.0,0.0,0.505,0.0,0
1779784530253,35168502681023429477067370934115172120607397900706971138168146010778726500910,0.505,0.01,0.99,0.98,0.0,0.0,0.505,0.0,0
1779784531251,35168502681023429477067370934115172120607397900706971138168146010778726500910,0.505,0.01,0.99,0.98,0.0,0.0,0.505,0.0,0
1779784532301,35168502681023429477067370934115172120607397900706971138168146010778726500910,0.505,0.01,0.99,0.98,0.0,0.0,0.505,0.0,0
1779784533267,35168502681023429477067370934115172120607397900706971138168146010778726500910,0.505,0.01,0.99,0.98,0.0,0.0,0.505,0.0,0
1779784534257,35168502681023429477067370934115172120607397900706971138168146010778726500910,0.505,0.01,0.99,0.98,0.0,0.0,0.505,0.0,0
1779784535263,35168502681023429477067370934115172120607397900706971138168146010778726500910,0.505,0.01,0.99,0.98,0.0,0.0,0.505,0.0,0
1779784536252,35168502681023429477067370934115172120607397900706971138168146010778726500910,0.505,0.01,0.99,0.98,0.0,0.0,0.505,0.0,0
1779784537251,35168502681023429477067370934115172120607397900706971138168146010778726500910,0.505,0.01,0.99,0.98,0.0,0.0,0.505,0.0,0
1779784538257,35168502681023429477067370934115172120607397900706971138168146010778726500910,0.505,0.01,0.99,0.98,0.0,0.0,0.505,0.0,0
1779784539252,35168502681023429477067370934115172120607397900706971138168146010778726500910,0.505,0.01,0.99,0.98,0.0,0.0,0.505,0.0,0
1779784540247,35168502681023429477067370934115172120607397900706971138168146010778726500910,0.505,0.01,0.99,0.98,0.0,0.0,0.505,0.0,0
1779784541250,35168502681023429477067370934115172120607397900706971138168146010778726500910,0.505,0.01,0.99,0.98,0.0,0.0,0.505,0.0,0
1779784542250,35168502681023429477067370934115172120607397900706971138168146010778726500910,0.505,0.01,0.99,0.98,0.0,0.0,0.505,0.0,0
1779784543249,35168502681023429477067370934115172120607397900706971138168146010778726500910,0.505,0.01,0.99,0.98,0.0,0.0,0.505,0.0,0
1779784544258,35168502681023429477067370934115172120607397900706971138168146010778726500910,0.505,0.01,0.99,0.98,0.0,0.0,0.505,0.0,0
1779784545250,35168502681023429477067370934115172120607397900706971138168146010778726500910,0.505,0.01,0.99,0.98,0.0,0.0,0.505,0.0,0
1779784546251,35168502681023429477067370934115172120607397900706971138168146010778726500910,0.505,0.01,0.99,0.98,0.0,0.0,0.505,0.0,0
1779784547247,35168502681023429477067370934115172120607397900706971138168146010778726500910,0.505,0.01,0.99,0.98,0.0,0.0,0.505,0.0,0
1779784548252,35168502681023429477067370934115172120607397900706971138168146010778726500910,0.505,0.01,0.99,0.98,0.0,0.0,0.505,0.0,0
1779784549271,35168502681023429477067370934115172120607397900706971138168146010778726500910,0.505,0.01,0.99,0.98,0.0,0.0,0.505,0.0,0
1779784550257,35168502681023429477067370934115172120607397900706971138168146010778726500910,0.505,0.01,0.99,0.98,0.0,0.0,0.505,0.0,0
1779784551255,35168502681023429477067370934115172120607397900706971138168146010778726500910,0.505,0.01,0.99,0.98,0.0,0.0,0.505,0.0,0
1779784552260,35168502681023429477067370934115172120607397900706971138168146010778726500910,0.505,0.01,0.99,0.98,0.0,0.0,0.505,0.0,0
1779784553249,35168502681023429477067370934115172120607397900706971138168146010778726500910,0.505,0.01,0.99,0.98,0.0,0.0,0.505,0.0,0
1779784554248,35168502681023429477067370934115172120607397900706971138168146010778726500910,0.505,0.01,0.99,0.98,0.0,0.0,0.505,0.0,0
1779784555254,35168502681023429477067370934115172120607397900706971138168146010778726500910,0.505,0.01,0.99,0.98,0.0,0.0,0.505,0.0,0
1779784556253,35168502681023429477067370934115172120607397900706971138168146010778726500910,0.505,0.01,0.99,0.98,0.0,0.0,0.505,0.0,0
1779784557249,35168502681023429477067370934115172120607397900706971138168146010778726500910,0.505,0.01,0.99,0.98,0.0,0.0,0.505,0.0,0
1779784558253,35168502681023429477067370934115172120607397900706971138168146010778726500910,0.505,0.01,0.99,0.98,0.0,0.0,0.505,0.0,0
1779784559246,35168502681023429477067370934115172120607397900706971138168146010778726500910,0.505,0.01,0.99,0.98,0.0,0.0,0.505,0.0,0
1779784560248,35168502681023429477067370934115172120607397900706971138168146010778726500910,0.505,0.01,0.99,0.98,0.0,0.0,0.505,0.0,0
1779784561252,35168502681023429477067370934115172120607397900706971138168146010778726500910,0.505,0.01,0.99,0.98,0.0,0.0,0.505,0.0,0
1779784562276,35168502681023429477067370934115172120607397900706971138168146010778726500910,0.505,0.01,0.99,0.98,0.0,0.0,0.505,0.0,0
1779784563255,35168502681023429477067370934115172120607397900706971138168146010778726500910,0.505,0.01,0.99,0.98,0.0,0.0,0.505,0.0,0
1779784564247,35168502681023429477067370934115172120607397900706971138168146010778726500910,0.505,0.01,0.99,0.98,0.0,0.0,0.505,0.0,0
1779784565266,35168502681023429477067370934115172120607397900706971138168146010778726500910,0.505,0.01,0.99,0.98,0.0,0.0,0.505,0.0,0
1779784566252,35168502681023429477067370934115172120607397900706971138168146010778726500910,0.505,0.01,0.99,0.98,0.0,0.0,0.505,0.0,0
1779784567246,35168502681023429477067370934115172120607397900706971138168146010778726500910,0.505,0.01,0.99,0.98,0.0,0.0,0.505,0.0,0
1779784568253,35168502681023429477067370934115172120607397900706971138168146010778726500910,0.505,0.01,0.99,0.98,0.0,0.0,0.505,0.0,0
1779784569255,35168502681023429477067370934115172120607397900706971138168146010778726500910,0.505,0.01,0.99,0.98,0.0,0.0,0.505,0.0,0
1779784570250,35168502681023429477067370934115172120607397900706971138168146010778726500910,0.505,0.01,0.99,0.98,0.0,0.0,0.505,0.0,0
1779784571251,35168502681023429477067370934115172120607397900706971138168146010778726500910,0.505,0.01,0.99,0.98,0.0,0.0,0.505,0.0,0
1779784572249,35168502681023429477067370934115172120607397900706971138168146010778726500910,0.505,0.01,0.99,0.98,0.0,0.0,0.505,0.0,0
1779784573257,35168502681023429477067370934115172120607397900706971138168146010778726500910,0.505,0.01,0.99,0.98,0.0,0.0,0.505,0.0,0
1779784574256,35168502681023429477067370934115172120607397900706971138168146010778726500910,0.505,0.01,0.99,0.98,0.0,0.0,0.505,0.0,0
1779784575258,35168502681023429477067370934115172120607397900706971138168146010778726500910,0.505,0.01,0.99,0.98,0.0,0.0,0.505,0.0,0
1779784576251,35168502681023429477067370934115172120607397900706971138168146010778726500910,0.505,0.01,0.99,0.98,0.0,0.0,0.505,0.0,0
1779784577245,35168502681023429477067370934115172120607397900706971138168146010778726500910,0.505,0.01,0.99,0.98,0.0,0.0,0.505,0.0,0
1779784578250,35168502681023429477067370934115172120607397900706971138168146010778726500910,0.505,0.01,0.99,0.98,0.0,0.0,0.505,0.0,0
1779784579260,35168502681023429477067370934115172120607397900706971138168146010778726500910,0.505,0.01,0.99,0.98,0.0,0.0,0.505,0.0,0
1779784580246,35168502681023429477067370934115172120607397900706971138168146010778726500910,0.505,0.01,0.99,0.98,0.0,0.0,0.505,0.0,0
1779784581254,35168502681023429477067370934115172120607397900706971138168146010778726500910,0.505,0.01,0.99,0.98,0.0,0.0,0.505,0.0,0
1779783764670,77210579655132602878492357649427279649460284073871805445292788504293203602349,0.495,0.01,0.99,0.98,0.0,0.0,0.495,0.0,0
1779783765657,77210579655132602878492357649427279649460284073871805445292788504293203602349,0.495,0.01,0.99,0.98,0.0,0.0,0.495,0.0,0
1779783766660,77210579655132602878492357649427279649460284073871805445292788504293203602349,0.495,0.01,0.99,0.98,0.0,0.0,0.495,0.0,0
1779783767652,77210579655132602878492357649427279649460284073871805445292788504293203602349,0.495,0.01,0.99,0.98,0.0,0.0,0.495,0.0,0
1779783768655,77210579655132602878492357649427279649460284073871805445292788504293203602349,0.495,0.01,0.99,0.98,0.0,0.0,0.495,0.0,0
1779783769651,77210579655132602878492357649427279649460284073871805445292788504293203602349,0.495,0.01,0.99,0.98,0.0,0.0,0.495,0.0,0
1779783770660,77210579655132602878492357649427279649460284073871805445292788504293203602349,0.495,0.01,0.99,0.98,0.0,0.0,0.495,0.0,0
1779783771654,77210579655132602878492357649427279649460284073871805445292788504293203602349,0.495,0.01,0.99,0.98,0.0,0.0,0.495,0.0,0
1779783772658,77210579655132602878492357649427279649460284073871805445292788504293203602349,0.495,0.01,0.99,0.98,0.0,0.0,0.495,0.0,0
1779783773659,77210579655132602878492357649427279649460284073871805445292788504293203602349,0.495,0.01,0.99,0.98,0.0,0.0,0.495,0.0,0
1779783774662,77210579655132602878492357649427279649460284073871805445292788504293203602349,0.495,0.01,0.99,0.98,0.0,0.0,0.495,0.0,0
1779783775667,77210579655132602878492357649427279649460284073871805445292788504293203602349,0.495,0.01,0.99,0.98,0.0,0.0,0.495,0.0,0
1779783776659,77210579655132602878492357649427279649460284073871805445292788504293203602349,0.495,0.01,0.99,0.98,0.0,0.0,0.495,0.0,0
1779783777655,77210579655132602878492357649427279649460284073871805445292788504293203602349,0.495,0.01,0.99,0.98,0.0,0.0,0.495,0.0,0
1779783778653,77210579655132602878492357649427279649460284073871805445292788504293203602349,0.495,0.01,0.99,0.98,0.0,0.0,0.495,0.0,0
1779783779660,77210579655132602878492357649427279649460284073871805445292788504293203602349,0.495,0.01,0.99,0.98,0.0,0.0,0.495,0.0,0
1779783780667,77210579655132602878492357649427279649460284073871805445292788504293203602349,0.495,0.01,0.99,0.98,0.0,0.0,0.495,0.0,0
1779783781661,77210579655132602878492357649427279649460284073871805445292788504293203602349,0.495,0.01,0.99,0.98,0.0,0.0,0.495,0.0,0
1779783782667,77210579655132602878492357649427279649460284073871805445292788504293203602349,0.495,0.01,0.99,0.98,0.0,0.0,0.495,0.0,0
1779783783670,77210579655132602878492357649427279649460284073871805445292788504293203602349,0.495,0.01,0.99,0.98,0.0,0.0,0.495,0.0,0
1779783784660,77210579655132602878492357649427279649460284073871805445292788504293203602349,0.495,0.01,0.99,0.98,0.0,0.0,0.495,0.0,0
1779783785667,77210579655132602878492357649427279649460284073871805445292788504293203602349,0.495,0.01,0.99,0.98,0.0,0.0,0.495,0.0,0
1779783786660,77210579655132602878492357649427279649460284073871805445292788504293203602349,0.495,0.01,0.99,0.98,0.0,0.0,0.495,0.0,0
1779783787652,77210579655132602878492357649427279649460284073871805445292788504293203602349,0.495,0.01,0.99,0.98,0.0,0.0,0.495,0.0,0
1779783788655,77210579655132602878492357649427279649460284073871805445292788504293203602349,0.495,0.01,0.99,0.98,0.0,0.0,0.495,0.0,0
1779783789671,77210579655132602878492357649427279649460284073871805445292788504293203602349,0.495,0.01,0.99,0.98,0.0,0.0,0.495,0.0,0
1779783790667,77210579655132602878492357649427279649460284073871805445292788504293203602349,0.495,0.01,0.99,0.98,0.0,0.0,0.495,0.0,0
1779783791659,77210579655132602878492357649427279649460284073871805445292788504293203602349,0.495,0.01,0.99,0.98,0.0,0.0,0.495,0.0,0
1779783792651,77210579655132602878492357649427279649460284073871805445292788504293203602349,0.495,0.01,0.99,0.98,0.0,0.0,0.495,0.0,0
1779783793664,77210579655132602878492357649427279649460284073871805445292788504293203602349,0.495,0.01,0.99,0.98,0.0,0.0,0.495,0.0,0
1779783794679,77210579655132602878492357649427279649460284073871805445292788504293203602349,0.495,0.01,0.99,0.98,0.0,0.0,0.495,0.0,0
1779783795665,77210579655132602878492357649427279649460284073871805445292788504293203602349,0.495,0.01,0.99,0.98,0.0,0.0,0.495,0.0,0
1779783796657,77210579655132602878492357649427279649460284073871805445292788504293203602349,0.495,0.01,0.99,0.98,0.0,0.0,0.495,0.0,0
1779783797826,77210579655132602878492357649427279649460284073871805445292788504293203602349,0.495,0.01,0.99,0.98,0.0,0.0,0.495,0.0,0
1779783798663,77210579655132602878492357649427279649460284073871805445292788504293203602349,0.495,0.01,0.99,0.98,0.0,0.0,0.495,0.0,0
1779783799664,77210579655132602878492357649427279649460284073871805445292788504293203602349,0.495,0.01,0.99,0.98,0.0,0.0,0.495,0.0,0
1779783800661,77210579655132602878492357649427279649460284073871805445292788504293203602349,0.495,0.01,0.99,0.98,0.0,0.0,0.495,0.0,0
1779783801652,77210579655132602878492357649427279649460284073871805445292788504293203602349,0.495,0.01,0.99,0.98,0.0,0.0,0.495,0.0,0
1779783802667,77210579655132602878492357649427279649460284073871805445292788504293203602349,0.495,0.01,0.99,0.98,0.0,0.0,0.495,0.0,0
1779783803661,77210579655132602878492357649427279649460284073871805445292788504293203602349,0.495,0.01,0.99,0.98,0.0,0.0,0.495,0.0,0
1779783804656,77210579655132602878492357649427279649460284073871805445292788504293203602349,0.495,0.01,0.99,0.98,0.0,0.0,0.495,0.0,0
1779783805669,77210579655132602878492357649427279649460284073871805445292788504293203602349,0.495,0.01,0.99,0.98,0.0,0.0,0.495,0.0,0
1779783806783,77210579655132602878492357649427279649460284073871805445292788504293203602349,0.495,0.01,0.99,0.98,0.0,0.0,0.495,0.0,0
1779783807652,77210579655132602878492357649427279649460284073871805445292788504293203602349,0.495,0.01,0.99,0.98,0.0,0.0,0.495,0.0,0
1779783808656,77210579655132602878492357649427279649460284073871805445292788504293203602349,0.495,0.01,0.99,0.98,0.0,0.0,0.495,0.0,0
1779783809661,77210579655132602878492357649427279649460284073871805445292788504293203602349,0.495,0.01,0.99,0.98,0.0,0.0,0.495,0.0,0
1779783810665,77210579655132602878492357649427279649460284073871805445292788504293203602349,0.495,0.01,0.99,0.98,0.0,0.0,0.495,0.0,0
1779783811664,77210579655132602878492357649427279649460284073871805445292788504293203602349,0.495,0.01,0.99,0.98,0.0,0.0,0.495,0.0,0
1779783812656,77210579655132602878492357649427279649460284073871805445292788504293203602349,0.495,0.01,0.99,0.98,0.0,0.0,0.495,0.0,0
1779783813661,77210579655132602878492357649427279649460284073871805445292788504293203602349,0.495,0.01,0.99,0.98,0.0,0.0,0.495,0.0,0
1779783814660,77210579655132602878492357649427279649460284073871805445292788504293203602349,0.495,0.01,0.99,0.98,0.0,0.0,0.495,0.0,0
1779783815661,77210579655132602878492357649427279649460284073871805445292788504293203602349,0.495,0.01,0.99,0.98,0.0,0.0,0.495,0.0,0
1779783816666,77210579655132602878492357649427279649460284073871805445292788504293203602349,0.495,0.01,0.99,0.98,0.0,0.0,0.495,0.0,0
1779783817664,77210579655132602878492357649427279649460284073871805445292788504293203602349,0.495,0.01,0.99,0.98,0.0,0.0,0.495,0.0,0
1779783818688,77210579655132602878492357649427279649460284073871805445292788504293203602349,0.495,0.01,0.99,0.98,0.0,0.0,0.495,0.0,0
1779783819663,77210579655132602878492357649427279649460284073871805445292788504293203602349,0.495,0.01,0.99,0.98,0.0,0.0,0.495,0.0,0
1779783820667,77210579655132602878492357649427279649460284073871805445292788504293203602349,0.495,0.01,0.99,0.98,0.0,0.0,0.495,0.0,0
1779783821654,77210579655132602878492357649427279649460284073871805445292788504293203602349,0.495,0.01,0.99,0.98,0.0,0.0,0.495,0.0,0
1779783822658,77210579655132602878492357649427279649460284073871805445292788504293203602349,0.495,0.01,0.99,0.98,0.0,0.0,0.495,0.0,0
1779783823661,77210579655132602878492357649427279649460284073871805445292788504293203602349,0.495,0.01,0.99,0.98,0.0,0.0,0.495,0.0,0
1779783824671,77210579655132602878492357649427279649460284073871805445292788504293203602349,0.495,0.01,0.99,0.98,0.0,0.0,0.495,0.0,0
1779783825670,77210579655132602878492357649427279649460284073871805445292788504293203602349,0.495,0.01,0.99,0.98,0.0,0.0,0.495,0.0,0
1779783826653,77210579655132602878492357649427279649460284073871805445292788504293203602349,0.495,0.01,0.99,0.98,0.0,0.0,0.495,0.0,0
1779783827685,77210579655132602878492357649427279649460284073871805445292788504293203602349,0.495,0.01,0.99,0.98,0.0,0.0,0.495,0.0,0
1779783828656,77210579655132602878492357649427279649460284073871805445292788504293203602349,0.495,0.01,0.99,0.98,0.0,0.0,0.495,0.0,0
1779783829909,77210579655132602878492357649427279649460284073871805445292788504293203602349,0.495,0.01,0.99,0.98,0.0,0.0,0.495,0.0,0
1779783830652,77210579655132602878492357649427279649460284073871805445292788504293203602349,0.495,0.01,0.99,0.98,0.0,0.0,0.495,0.0,0
1779783831661,77210579655132602878492357649427279649460284073871805445292788504293203602349,0.495,0.01,0.99,0.98,0.0,0.0,0.495,0.0,0
1779783832659,77210579655132602878492357649427279649460284073871805445292788504293203602349,0.495,0.01,0.99,0.98,0.0,0.0,0.495,0.0,0
1779783833656,77210579655132602878492357649427279649460284073871805445292788504293203602349,0.495,0.01,0.99,0.98,0.0,0.0,0.495,0.0,0
1779783834669,77210579655132602878492357649427279649460284073871805445292788504293203602349,0.495,0.01,0.99,0.98,0.0,0.0,0.495,0.0,0
1779783835671,77210579655132602878492357649427279649460284073871805445292788504293203602349,0.495,0.01,0.99,0.98,0.0,0.0,0.495,0.0,0
1779783836661,77210579655132602878492357649427279649460284073871805445292788504293203602349,0.495,0.01,0.99,0.98,0.0,0.0,0.495,0.0,0
1779783837655,77210579655132602878492357649427279649460284073871805445292788504293203602349,0.495,0.01,0.99,0.98,0.0,0.0,0.495,0.0,0
1779783838662,77210579655132602878492357649427279649460284073871805445292788504293203602349,0.495,0.01,0.99,0.98,0.0,0.0,0.495,0.0,0
1779783839658,77210579655132602878492357649427279649460284073871805445292788504293203602349,0.495,0.01,0.99,0.98,0.0,0.0,0.495,0.0,0
1779783840685,77210579655132602878492357649427279649460284073871805445292788504293203602349,0.495,0.01,0.99,0.98,0.0,0.0,0.495,0.0,0
1779783841667,77210579655132602878492357649427279649460284073871805445292788504293203602349,0.495,0.01,0.99,0.98,0.0,0.0,0.495,0.0,0
1779783842671,77210579655132602878492357649427279649460284073871805445292788504293203602349,0.495,0.01,0.99,0.98,0.0,0.0,0.495,0.0,0
1779783843668,77210579655132602878492357649427279649460284073871805445292788504293203602349,0.495,0.01,0.99,0.98,0.0,0.0,0.495,0.0,0
1779783844675,77210579655132602878492357649427279649460284073871805445292788504293203602349,0.495,0.01,0.99,0.98,0.0,0.0,0.495,0.0,0
1779783845673,77210579655132602878492357649427279649460284073871805445292788504293203602349,0.495,0.01,0.99,0.98,0.0,0.0,0.495,0.0,0
1779783846746,77210579655132602878492357649427279649460284073871805445292788504293203602349,0.495,0.01,0.99,0.98,0.0,0.0,0.495,0.0,0
1779783847897,77210579655132602878492357649427279649460284073871805445292788504293203602349,0.495,0.01,0.99,0.98,0.0,0.0,0.495,0.0,0
1779783849000,77210579655132602878492357649427279649460284073871805445292788504293203602349,0.495,0.01,0.99,0.98,0.0,0.0,0.495,0.0,0
1779783849705,77210579655132602878492357649427279649460284073871805445292788504293203602349,0.495,0.01,0.99,0.98,0.0,0.0,0.495,0.0,0
1779783850704,77210579655132602878492357649427279649460284073871805445292788504293203602349,0.495,0.01,0.99,0.98,0.0,0.0,0.495,0.0,0
1779783851655,77210579655132602878492357649427279649460284073871805445292788504293203602349,0.495,0.01,0.99,0.98,0.0,0.0,0.495,0.0,0
1779783852657,77210579655132602878492357649427279649460284073871805445292788504293203602349,0.495,0.01,0.99,0.98,0.0,0.0,0.495,0.0,0
1779783853692,77210579655132602878492357649427279649460284073871805445292788504293203602349,0.495,0.01,0.99,0.98,0.0,0.0,0.495,0.0,0
1779783854665,77210579655132602878492357649427279649460284073871805445292788504293203602349,0.495,0.01,0.99,0.98,0.0,0.0,0.495,0.0,0
1779783855665,77210579655132602878492357649427279649460284073871805445292788504293203602349,0.495,0.01,0.99,0.98,0.0,0.0,0.495,0.0,0
1779783856657,77210579655132602878492357649427279649460284073871805445292788504293203602349,0.495,0.01,0.99,0.98,0.0,0.0,0.495,0.0,0
1779783857655,77210579655132602878492357649427279649460284073871805445292788504293203602349,0.495,0.01,0.99,0.98,0.0,0.0,0.495,0.0,0
1779783858675,77210579655132602878492357649427279649460284073871805445292788504293203602349,0.495,0.01,0.99,0.98,0.0,0.0,0.495,0.0,0
1779783859670,77210579655132602878492357649427279649460284073871805445292788504293203602349,0.495,0.01,0.99,0.98,0.0,0.0,0.495,0.0,0
1779783860657,77210579655132602878492357649427279649460284073871805445292788504293203602349,0.495,0.01,0.99,0.98,0.0,0.0,0.495,0.0,0
1779783861665,77210579655132602878492357649427279649460284073871805445292788504293203602349,0.495,0.01,0.99,0.98,0.0,0.0,0.495,0.0,0
1779783862661,77210579655132602878492357649427279649460284073871805445292788504293203602349,0.495,0.01,0.99,0.98,0.0,0.0,0.495,0.0,0
1779783863659,77210579655132602878492357649427279649460284073871805445292788504293203602349,0.495,0.01,0.99,0.98,0.0,0.0,0.495,0.0,0
1779783864653,77210579655132602878492357649427279649460284073871805445292788504293203602349,0.495,0.01,0.99,0.98,0.0,0.0,0.495,0.0,0
1779783865669,77210579655132602878492357649427279649460284073871805445292788504293203602349,0.495,0.01,0.99,0.98,0.0,0.0,0.495,0.0,0
1779783866660,77210579655132602878492357649427279649460284073871805445292788504293203602349,0.495,0.01,0.99,0.98,0.0,0.0,0.495,0.0,0
1779783867673,77210579655132602878492357649427279649460284073871805445292788504293203602349,0.495,0.01,0.99,0.98,0.0,0.0,0.495,0.0,0
1779783868654,77210579655132602878492357649427279649460284073871805445292788504293203602349,0.495,0.01,0.99,0.98,0.0,0.0,0.495,0.0,0
1779783869666,77210579655132602878492357649427279649460284073871805445292788504293203602349,0.495,0.01,0.99,0.98,0.0,0.0,0.495,0.0,0
1779783870689,77210579655132602878492357649427279649460284073871805445292788504293203602349,0.495,0.01,0.99,0.98,0.0,0.0,0.495,0.0,0
1779783871682,77210579655132602878492357649427279649460284073871805445292788504293203602349,0.495,0.01,0.99,0.98,0.0,0.0,0.495,0.0,0
1779783872674,77210579655132602878492357649427279649460284073871805445292788504293203602349,0.495,0.01,0.99,0.98,0.0,0.0,0.495,0.0,0
1779783873656,77210579655132602878492357649427279649460284073871805445292788504293203602349,0.495,0.01,0.99,0.98,0.0,0.0,0.495,0.0,0
1779783874666,77210579655132602878492357649427279649460284073871805445292788504293203602349,0.495,0.01,0.99,0.98,0.0,0.0,0.495,0.0,0
1779783875664,77210579655132602878492357649427279649460284073871805445292788504293203602349,0.495,0.01,0.99,0.98,0.0,0.0,0.495,0.0,0
1779783876659,77210579655132602878492357649427279649460284073871805445292788504293203602349,0.495,0.01,0.99,0.98,0.0,0.0,0.495,0.0,0
1779783877656,77210579655132602878492357649427279649460284073871805445292788504293203602349,0.495,0.01,0.99,0.98,0.0,0.0,0.495,0.0,0
1779783878673,77210579655132602878492357649427279649460284073871805445292788504293203602349,0.495,0.01,0.99,0.98,0.0,0.0,0.495,0.0,0
1779783879670,77210579655132602878492357649427279649460284073871805445292788504293203602349,0.495,0.01,0.99,0.98,0.0,0.0,0.495,0.0,0
1779783880667,77210579655132602878492357649427279649460284073871805445292788504293203602349,0.495,0.01,0.99,0.98,0.0,0.0,0.495,0.0,0
1779783881663,77210579655132602878492357649427279649460284073871805445292788504293203602349,0.495,0.01,0.99,0.98,0.0,0.0,0.495,0.0,0
1779783882667,77210579655132602878492357649427279649460284073871805445292788504293203602349,0.495,0.01,0.99,0.98,0.0,0.0,0.495,0.0,0
1779783883665,77210579655132602878492357649427279649460284073871805445292788504293203602349,0.495,0.01,0.99,0.98,0.0,0.0,0.495,0.0,0
1779783884657,77210579655132602878492357649427279649460284073871805445292788504293203602349,0.495,0.01,0.99,0.98,0.0,0.0,0.495,0.0,0
1779783885656,77210579655132602878492357649427279649460284073871805445292788504293203602349,0.495,0.01,0.99,0.98,0.0,0.0,0.495,0.0,0
1779783886659,77210579655132602878492357649427279649460284073871805445292788504293203602349,0.495,0.01,0.99,0.98,0.0,0.0,0.495,0.0,0
1779783887665,77210579655132602878492357649427279649460284073871805445292788504293203602349,0.495,0.01,0.99,0.98,0.0,0.0,0.495,0.0,0
1779783888673,77210579655132602878492357649427279649460284073871805445292788504293203602349,0.495,0.01,0.99,0.98,0.0,0.0,0.495,0.0,0
1779783889743,77210579655132602878492357649427279649460284073871805445292788504293203602349,0.495,0.01,0.99,0.98,0.0,0.0,0.495,0.0,0
1779783890660,77210579655132602878492357649427279649460284073871805445292788504293203602349,0.495,0.01,0.99,0.98,0.0,0.0,0.495,0.0,0
1779783891661,77210579655132602878492357649427279649460284073871805445292788504293203602349,0.495,0.01,0.99,0.98,0.0,0.0,0.495,0.0,0
1779783892676,77210579655132602878492357649427279649460284073871805445292788504293203602349,0.495,0.01,0.99,0.98,0.0,0.0,0.495,0.0,0
1779783893663,77210579655132602878492357649427279649460284073871805445292788504293203602349,0.495,0.01,0.99,0.98,0.0,0.0,0.495,0.0,0
1779783894662,77210579655132602878492357649427279649460284073871805445292788504293203602349,0.495,0.01,0.99,0.98,0.0,0.0,0.495,0.0,0
1779783895670,77210579655132602878492357649427279649460284073871805445292788504293203602349,0.495,0.01,0.99,0.98,0.0,0.0,0.495,0.0,0
1779783896652,77210579655132602878492357649427279649460284073871805445292788504293203602349,0.495,0.01,0.99,0.98,0.0,0.0,0.495,0.0,0
1779783897658,77210579655132602878492357649427279649460284073871805445292788504293203602349,0.495,0.01,0.99,0.98,0.0,0.0,0.495,0.0,0
1779783898663,77210579655132602878492357649427279649460284073871805445292788504293203602349,0.495,0.01,0.99,0.98,0.0,0.0,0.495,0.0,0
1779783899670,77210579655132602878492357649427279649460284073871805445292788504293203602349,0.495,0.01,0.99,0.98,0.0,0.0,0.495,0.0,0
1779783900668,77210579655132602878492357649427279649460284073871805445292788504293203602349,0.495,0.01,0.99,0.98,0.0,0.0,0.495,0.0,0
1779783901664,77210579655132602878492357649427279649460284073871805445292788504293203602349,0.495,0.01,0.99,0.98,0.0,0.0,0.495,0.0,0
1779783902660,77210579655132602878492357649427279649460284073871805445292788504293203602349,0.495,0.01,0.99,0.98,0.0,0.0,0.495,0.0,0
1779783903660,77210579655132602878492357649427279649460284073871805445292788504293203602349,0.495,0.01,0.99,0.98,0.0,0.0,0.495,0.0,0
1779783904658,77210579655132602878492357649427279649460284073871805445292788504293203602349,0.495,0.01,0.99,0.98,0.0,0.0,0.495,0.0,0
1779783905685,77210579655132602878492357649427279649460284073871805445292788504293203602349,0.495,0.01,0.99,0.98,0.0,0.0,0.495,0.0,0
1779783906661,77210579655132602878492357649427279649460284073871805445292788504293203602349,0.495,0.01,0.99,0.98,0.0,0.0,0.495,0.0,0
1779783907661,77210579655132602878492357649427279649460284073871805445292788504293203602349,0.495,0.01,0.99,0.98,0.0,0.0,0.495,0.0,0
1779783908675,77210579655132602878492357649427279649460284073871805445292788504293203602349,0.495,0.01,0.99,0.98,0.0,0.0,0.495,0.0,0
1779783909657,77210579655132602878492357649427279649460284073871805445292788504293203602349,0.495,0.01,0.99,0.98,0.0,0.0,0.495,0.0,0
1779783910672,77210579655132602878492357649427279649460284073871805445292788504293203602349,0.495,0.01,0.99,0.98,0.0,0.0,0.495,0.0,0
1779783911662,77210579655132602878492357649427279649460284073871805445292788504293203602349,0.495,0.01,0.99,0.98,0.0,0.0,0.495,0.0,0
1779783912669,77210579655132602878492357649427279649460284073871805445292788504293203602349,0.495,0.01,0.99,0.98,0.0,0.0,0.495,0.0,0
1779783913661,77210579655132602878492357649427279649460284073871805445292788504293203602349,0.495,0.01,0.99,0.98,0.0,0.0,0.495,0.0,0
1779783914660,77210579655132602878492357649427279649460284073871805445292788504293203602349,0.495,0.01,0.99,0.98,0.0,0.0,0.495,0.0,0
1779783915732,77210579655132602878492357649427279649460284073871805445292788504293203602349,0.495,0.01,0.99,0.98,0.0,0.0,0.495,0.0,0
1779783916668,77210579655132602878492357649427279649460284073871805445292788504293203602349,0.495,0.01,0.99,0.98,0.0,0.0,0.495,0.0,0
1779783917679,77210579655132602878492357649427279649460284073871805445292788504293203602349,0.495,0.01,0.99,0.98,0.0,0.0,0.495,0.0,0
1779783918683,77210579655132602878492357649427279649460284073871805445292788504293203602349,0.495,0.01,0.99,0.98,0.0,0.0,0.495,0.0,0
1779783919661,77210579655132602878492357649427279649460284073871805445292788504293203602349,0.495,0.01,0.99,0.98,0.0,0.0,0.495,0.0,0
1779783920672,77210579655132602878492357649427279649460284073871805445292788504293203602349,0.495,0.01,0.99,0.98,0.0,0.0,0.495,0.0,0
1779783921662,77210579655132602878492357649427279649460284073871805445292788504293203602349,0.495,0.01,0.99,0.98,0.0,0.0,0.495,0.0,0
1779783922662,77210579655132602878492357649427279649460284073871805445292788504293203602349,0.495,0.01,0.99,0.98,0.0,0.0,0.495,0.0,0
1779783923657,77210579655132602878492357649427279649460284073871805445292788504293203602349,0.495,0.01,0.99,0.98,0.0,0.0,0.495,0.0,0
1779783924667,77210579655132602878492357649427279649460284073871805445292788504293203602349,0.495,0.01,0.99,0.98,0.0,0.0,0.495,0.0,0
1779783925675,77210579655132602878492357649427279649460284073871805445292788504293203602349,0.495,0.01,0.99,0.98,0.0,0.0,0.495,0.0,0
1779783926663,77210579655132602878492357649427279649460284073871805445292788504293203602349,0.495,0.01,0.99,0.98,0.0,0.0,0.495,0.0,0
1779783927662,77210579655132602878492357649427279649460284073871805445292788504293203602349,0.495,0.01,0.99,0.98,0.0,0.0,0.495,0.0,0
1779783928666,77210579655132602878492357649427279649460284073871805445292788504293203602349,0.495,0.01,0.99,0.98,0.0,0.0,0.495,0.0,0
1779783929682,77210579655132602878492357649427279649460284073871805445292788504293203602349,0.495,0.01,0.99,0.98,0.0,0.0,0.495,0.0,0
1779783930663,77210579655132602878492357649427279649460284073871805445292788504293203602349,0.495,0.01,0.99,0.98,0.0,0.0,0.495,0.0,0
1779783931657,77210579655132602878492357649427279649460284073871805445292788504293203602349,0.495,0.01,0.99,0.98,0.0,0.0,0.495,0.0,0
1779783932670,77210579655132602878492357649427279649460284073871805445292788504293203602349,0.495,0.01,0.99,0.98,0.0,0.0,0.495,0.0,0
1779783933672,77210579655132602878492357649427279649460284073871805445292788504293203602349,0.495,0.01,0.99,0.98,0.0,0.0,0.495,0.0,0
1779783934678,77210579655132602878492357649427279649460284073871805445292788504293203602349,0.495,0.01,0.99,0.98,0.0,0.0,0.495,0.0,0
1779783935662,77210579655132602878492357649427279649460284073871805445292788504293203602349,0.495,0.01,0.99,0.98,0.0,0.0,0.495,0.0,0
1779783936686,77210579655132602878492357649427279649460284073871805445292788504293203602349,0.495,0.01,0.99,0.98,0.0,0.0,0.495,0.0,0
1779783937664,77210579655132602878492357649427279649460284073871805445292788504293203602349,0.495,0.01,0.99,0.98,0.0,0.0,0.495,0.0,0
1779783938674,77210579655132602878492357649427279649460284073871805445292788504293203602349,0.495,0.01,0.99,0.98,0.0,0.0,0.495,0.0,0
1779783939675,77210579655132602878492357649427279649460284073871805445292788504293203602349,0.495,0.01,0.99,0.98,0.0,0.0,0.495,0.0,0
1779783940674,77210579655132602878492357649427279649460284073871805445292788504293203602349,0.495,0.01,0.99,0.98,0.0,0.0,0.495,0.0,0
1779783941692,77210579655132602878492357649427279649460284073871805445292788504293203602349,0.495,0.01,0.99,0.98,0.0,0.0,0.495,0.0,0
1779783942667,77210579655132602878492357649427279649460284073871805445292788504293203602349,0.495,0.01,0.99,0.98,0.0,0.0,0.495,0.0,0
1779783943724,77210579655132602878492357649427279649460284073871805445292788504293203602349,0.495,0.01,0.99,0.98,0.0,0.0,0.495,0.0,0
1779783944682,77210579655132602878492357649427279649460284073871805445292788504293203602349,0.495,0.01,0.99,0.98,0.0,0.0,0.495,0.0,0
1779783945667,77210579655132602878492357649427279649460284073871805445292788504293203602349,0.495,0.01,0.99,0.98,0.0,0.0,0.495,0.0,0
1779783946666,77210579655132602878492357649427279649460284073871805445292788504293203602349,0.495,0.01,0.99,0.98,0.0,0.0,0.495,0.0,0
1779783947657,77210579655132602878492357649427279649460284073871805445292788504293203602349,0.495,0.01,0.99,0.98,0.0,0.0,0.495,0.0,0
1779783948664,77210579655132602878492357649427279649460284073871805445292788504293203602349,0.495,0.01,0.99,0.98,0.0,0.0,0.495,0.0,0
1779783949673,77210579655132602878492357649427279649460284073871805445292788504293203602349,0.495,0.01,0.99,0.98,0.0,0.0,0.495,0.0,0
1779783950656,77210579655132602878492357649427279649460284073871805445292788504293203602349,0.495,0.01,0.99,0.98,0.0,0.0,0.495,0.0,0
1779783951683,77210579655132602878492357649427279649460284073871805445292788504293203602349,0.495,0.01,0.99,0.98,0.0,0.0,0.495,0.0,0
1779783952670,77210579655132602878492357649427279649460284073871805445292788504293203602349,0.495,0.01,0.99,0.98,0.0,0.0,0.495,0.0,0
1779783953680,77210579655132602878492357649427279649460284073871805445292788504293203602349,0.495,0.01,0.99,0.98,0.0,0.0,0.495,0.0,0
1779783954663,77210579655132602878492357649427279649460284073871805445292788504293203602349,0.495,0.01,0.99,0.98,0.0,0.0,0.495,0.0,0
1779783955660,77210579655132602878492357649427279649460284073871805445292788504293203602349,0.495,0.01,0.99,0.98,0.0,0.0,0.495,0.0,0
1779783956664,77210579655132602878492357649427279649460284073871805445292788504293203602349,0.495,0.01,0.99,0.98,0.0,0.0,0.495,0.0,0
1779783957657,77210579655132602878492357649427279649460284073871805445292788504293203602349,0.495,0.01,0.99,0.98,0.0,0.0,0.495,0.0,0
1779783958663,77210579655132602878492357649427279649460284073871805445292788504293203602349,0.495,0.01,0.99,0.98,0.0,0.0,0.495,0.0,0
1779783959663,77210579655132602878492357649427279649460284073871805445292788504293203602349,0.495,0.01,0.99,0.98,0.0,0.0,0.495,0.0,0
1779783960679,77210579655132602878492357649427279649460284073871805445292788504293203602349,0.495,0.01,0.99,0.98,0.0,0.0,0.495,0.0,0
1779783961665,77210579655132602878492357649427279649460284073871805445292788504293203602349,0.495,0.01,0.99,0.98,0.0,0.0,0.495,0.0,0
1779783962773,77210579655132602878492357649427279649460284073871805445292788504293203602349,0.495,0.01,0.99,0.98,0.0,0.0,0.495,0.0,0
1779783963850,77210579655132602878492357649427279649460284073871805445292788504293203602349,0.495,0.01,0.99,0.98,0.0,0.0,0.495,0.0,0
1779783965164,77210579655132602878492357649427279649460284073871805445292788504293203602349,0.495,0.01,0.99,0.98,0.0,0.0,0.495,0.0,0
1779783965719,77210579655132602878492357649427279649460284073871805445292788504293203602349,0.495,0.01,0.99,0.98,0.0,0.0,0.495,0.0,0
1779783966692,77210579655132602878492357649427279649460284073871805445292788504293203602349,0.495,0.01,0.99,0.98,0.0,0.0,0.495,0.0,0
1779783967677,77210579655132602878492357649427279649460284073871805445292788504293203602349,0.495,0.01,0.99,0.98,0.0,0.0,0.495,0.0,0
1779783968666,77210579655132602878492357649427279649460284073871805445292788504293203602349,0.495,0.01,0.99,0.98,0.0,0.0,0.495,0.0,0
1779783969661,77210579655132602878492357649427279649460284073871805445292788504293203602349,0.495,0.01,0.99,0.98,0.0,0.0,0.495,0.0,0
1779783970678,77210579655132602878492357649427279649460284073871805445292788504293203602349,0.495,0.01,0.99,0.98,0.0,0.0,0.495,0.0,0
1779783971743,77210579655132602878492357649427279649460284073871805445292788504293203602349,0.495,0.01,0.99,0.98,0.0,0.0,0.495,0.0,0
1779783972662,77210579655132602878492357649427279649460284073871805445292788504293203602349,0.495,0.01,0.99,0.98,0.0,0.0,0.495,0.0,0
1779783973664,77210579655132602878492357649427279649460284073871805445292788504293203602349,0.495,0.01,0.99,0.98,0.0,0.0,0.495,0.0,0
1779783974670,77210579655132602878492357649427279649460284073871805445292788504293203602349,0.495,0.01,0.99,0.98,0.0,0.0,0.495,0.0,0
1779783975665,77210579655132602878492357649427279649460284073871805445292788504293203602349,0.495,0.01,0.99,0.98,0.0,0.0,0.495,0.0,0
1779783976679,77210579655132602878492357649427279649460284073871805445292788504293203602349,0.495,0.01,0.99,0.98,0.0,0.0,0.495,0.0,0
1779783977670,77210579655132602878492357649427279649460284073871805445292788504293203602349,0.495,0.01,0.99,0.98,0.0,0.0,0.495,0.0,0
1779783978670,77210579655132602878492357649427279649460284073871805445292788504293203602349,0.495,0.01,0.99,0.98,0.0,0.0,0.495,0.0,0
1779783979661,77210579655132602878492357649427279649460284073871805445292788504293203602349,0.495,0.01,0.99,0.98,0.0,0.0,0.495,0.0,0
1779783980663,77210579655132602878492357649427279649460284073871805445292788504293203602349,0.495,0.01,0.99,0.98,0.0,0.0,0.495,0.0,0
1779783981710,77210579655132602878492357649427279649460284073871805445292788504293203602349,0.495,0.01,0.99,0.98,0.0,0.0,0.495,0.0,0
1779783982673,77210579655132602878492357649427279649460284073871805445292788504293203602349,0.495,0.01,0.99,0.98,0.0,0.0,0.495,0.0,0
1779783983747,77210579655132602878492357649427279649460284073871805445292788504293203602349,0.495,0.01,0.99,0.98,0.0,0.0,0.495,0.0,0
1779783984991,77210579655132602878492357649427279649460284073871805445292788504293203602349,0.495,0.01,0.99,0.98,0.0,0.0,0.495,0.0,0
1779783985911,77210579655132602878492357649427279649460284073871805445292788504293203602349,0.495,0.01,0.99,0.98,0.0,0.0,0.495,0.0,0
1779783986815,77210579655132602878492357649427279649460284073871805445292788504293203602349,0.495,0.01,0.99,0.98,0.0,0.0,0.495,0.0,0
1779783987681,77210579655132602878492357649427279649460284073871805445292788504293203602349,0.495,0.01,0.99,0.98,0.0,0.0,0.495,0.0,0
1779783988672,77210579655132602878492357649427279649460284073871805445292788504293203602349,0.495,0.01,0.99,0.98,0.0,0.0,0.495,0.0,0
1779783989669,77210579655132602878492357649427279649460284073871805445292788504293203602349,0.495,0.01,0.99,0.98,0.0,0.0,0.495,0.0,0
1779783990664,77210579655132602878492357649427279649460284073871805445292788504293203602349,0.495,0.01,0.99,0.98,0.0,0.0,0.495,0.0,0
1779783991666,77210579655132602878492357649427279649460284073871805445292788504293203602349,0.495,0.01,0.99,0.98,0.0,0.0,0.495,0.0,0
1779783992671,77210579655132602878492357649427279649460284073871805445292788504293203602349,0.495,0.01,0.99,0.98,0.0,0.0,0.495,0.0,0
1779783993668,77210579655132602878492357649427279649460284073871805445292788504293203602349,0.495,0.01,0.99,0.98,0.0,0.0,0.495,0.0,0
1779783994661,77210579655132602878492357649427279649460284073871805445292788504293203602349,0.495,0.01,0.99,0.98,0.0,0.0,0.495,0.0,0
1779783995678,77210579655132602878492357649427279649460284073871805445292788504293203602349,0.495,0.01,0.99,0.98,0.0,0.0,0.495,0.0,0
1779783996665,77210579655132602878492357649427279649460284073871805445292788504293203602349,0.495,0.01,0.99,0.98,0.0,0.0,0.495,0.0,0
1779783997664,77210579655132602878492357649427279649460284073871805445292788504293203602349,0.495,0.01,0.99,0.98,0.0,0.0,0.495,0.0,0
1779783998661,77210579655132602878492357649427279649460284073871805445292788504293203602349,0.495,0.01,0.99,0.98,0.0,0.0,0.495,0.0,0
1779783999664,77210579655132602878492357649427279649460284073871805445292788504293203602349,0.495,0.01,0.99,0.98,0.0,0.0,0.495,0.0,0
1779784000665,77210579655132602878492357649427279649460284073871805445292788504293203602349,0.495,0.01,0.99,0.98,0.0,0.0,0.495,0.0,0
1779784001670,77210579655132602878492357649427279649460284073871805445292788504293203602349,0.495,0.01,0.99,0.98,0.0,0.0,0.495,0.0,0
1779784002672,77210579655132602878492357649427279649460284073871805445292788504293203602349,0.495,0.01,0.99,0.98,0.0,0.0,0.495,0.0,0
1779784003679,77210579655132602878492357649427279649460284073871805445292788504293203602349,0.495,0.01,0.99,0.98,0.0,0.0,0.495,0.0,0
1779784004666,77210579655132602878492357649427279649460284073871805445292788504293203602349,0.495,0.01,0.99,0.98,0.0,0.0,0.495,0.0,0
1779784005706,77210579655132602878492357649427279649460284073871805445292788504293203602349,0.495,0.01,0.99,0.98,0.0,0.0,0.495,0.0,0
1779784006670,77210579655132602878492357649427279649460284073871805445292788504293203602349,0.495,0.01,0.99,0.98,0.0,0.0,0.495,0.0,0
1779784007664,77210579655132602878492357649427279649460284073871805445292788504293203602349,0.495,0.01,0.99,0.98,0.0,0.0,0.495,0.0,0
1779784008658,77210579655132602878492357649427279649460284073871805445292788504293203602349,0.495,0.01,0.99,0.98,0.0,0.0,0.495,0.0,0
1779784009670,77210579655132602878492357649427279649460284073871805445292788504293203602349,0.495,0.01,0.99,0.98,0.0,0.0,0.495,0.0,0
1779784010673,77210579655132602878492357649427279649460284073871805445292788504293203602349,0.495,0.01,0.99,0.98,0.0,0.0,0.495,0.0,0
1779784011666,77210579655132602878492357649427279649460284073871805445292788504293203602349,0.495,0.01,0.99,0.98,0.0,0.0,0.495,0.0,0
1779784012677,77210579655132602878492357649427279649460284073871805445292788504293203602349,0.495,0.01,0.99,0.98,0.0,0.0,0.495,0.0,0
1779784013678,77210579655132602878492357649427279649460284073871805445292788504293203602349,0.495,0.01,0.99,0.98,0.0,0.0,0.495,0.0,0
1779784014680,77210579655132602878492357649427279649460284073871805445292788504293203602349,0.495,0.01,0.99,0.98,0.0,0.0,0.495,0.0,0
1779784015693,77210579655132602878492357649427279649460284073871805445292788504293203602349,0.495,0.01,0.99,0.98,0.0,0.0,0.495,0.0,0
1779784016665,77210579655132602878492357649427279649460284073871805445292788504293203602349,0.495,0.01,0.99,0.98,0.0,0.0,0.495,0.0,0
1779784017670,77210579655132602878492357649427279649460284073871805445292788504293203602349,0.495,0.01,0.99,0.98,0.0,0.0,0.495,0.0,0
1779784018666,77210579655132602878492357649427279649460284073871805445292788504293203602349,0.495,0.01,0.99,0.98,0.0,0.0,0.495,0.0,0
1779784019690,77210579655132602878492357649427279649460284073871805445292788504293203602349,0.495,0.01,0.99,0.98,0.0,0.0,0.495,0.0,0
1779784020671,77210579655132602878492357649427279649460284073871805445292788504293203602349,0.495,0.01,0.99,0.98,0.0,0.0,0.495,0.0,0
1779784021678,77210579655132602878492357649427279649460284073871805445292788504293203602349,0.495,0.01,0.99,0.98,0.0,0.0,0.495,0.0,0
1779784022673,77210579655132602878492357649427279649460284073871805445292788504293203602349,0.495,0.01,0.99,0.98,0.0,0.0,0.495,0.0,0
1779784023671,77210579655132602878492357649427279649460284073871805445292788504293203602349,0.495,0.01,0.99,0.98,0.0,0.0,0.495,0.0,0
1779784024668,77210579655132602878492357649427279649460284073871805445292788504293203602349,0.495,0.01,0.99,0.98,0.0,0.0,0.495,0.0,0
1779784025674,77210579655132602878492357649427279649460284073871805445292788504293203602349,0.495,0.01,0.99,0.98,0.0,0.0,0.495,0.0,0
1779784026724,77210579655132602878492357649427279649460284073871805445292788504293203602349,0.495,0.01,0.99,0.98,0.0,0.0,0.495,0.0,0
1779784027671,77210579655132602878492357649427279649460284073871805445292788504293203602349,0.495,0.01,0.99,0.98,0.0,0.0,0.495,0.0,0
1779784028673,77210579655132602878492357649427279649460284073871805445292788504293203602349,0.495,0.01,0.99,0.98,0.0,0.0,0.495,0.0,0
1779784029675,77210579655132602878492357649427279649460284073871805445292788504293203602349,0.495,0.01,0.99,0.98,0.0,0.0,0.495,0.0,0
1779784030665,77210579655132602878492357649427279649460284073871805445292788504293203602349,0.495,0.01,0.99,0.98,0.0,0.0,0.495,0.0,0
1779784031666,77210579655132602878492357649427279649460284073871805445292788504293203602349,0.495,0.01,0.99,0.98,0.0,0.0,0.495,0.0,0
1779784032677,77210579655132602878492357649427279649460284073871805445292788504293203602349,0.495,0.01,0.99,0.98,0.0,0.0,0.495,0.0,0
1779784033668,77210579655132602878492357649427279649460284073871805445292788504293203602349,0.495,0.01,0.99,0.98,0.0,0.0,0.495,0.0,0
1779784034674,77210579655132602878492357649427279649460284073871805445292788504293203602349,0.495,0.01,0.99,0.98,0.0,0.0,0.495,0.0,0
1779784035663,77210579655132602878492357649427279649460284073871805445292788504293203602349,0.495,0.01,0.99,0.98,0.0,0.0,0.495,0.0,0
1779784036678,77210579655132602878492357649427279649460284073871805445292788504293203602349,0.495,0.01,0.99,0.98,0.0,0.0,0.495,0.0,0
1779784037668,77210579655132602878492357649427279649460284073871805445292788504293203602349,0.495,0.01,0.99,0.98,0.0,0.0,0.495,0.0,0
1779784038758,77210579655132602878492357649427279649460284073871805445292788504293203602349,0.495,0.01,0.99,0.98,0.0,0.0,0.495,0.0,0
1779784039687,77210579655132602878492357649427279649460284073871805445292788504293203602349,0.495,0.01,0.99,0.98,0.0,0.0,0.495,0.0,0
1779784040682,77210579655132602878492357649427279649460284073871805445292788504293203602349,0.495,0.01,0.99,0.98,0.0,0.0,0.495,0.0,0
1779784041672,77210579655132602878492357649427279649460284073871805445292788504293203602349,0.495,0.01,0.99,0.98,0.0,0.0,0.495,0.0,0
1779784042675,77210579655132602878492357649427279649460284073871805445292788504293203602349,0.495,0.01,0.99,0.98,0.0,0.0,0.495,0.0,0
1779784043668,77210579655132602878492357649427279649460284073871805445292788504293203602349,0.495,0.01,0.99,0.98,0.0,0.0,0.495,0.0,0
1779784044674,77210579655132602878492357649427279649460284073871805445292788504293203602349,0.495,0.01,0.99,0.98,0.0,0.0,0.495,0.0,0
1779784045705,77210579655132602878492357649427279649460284073871805445292788504293203602349,0.495,0.01,0.99,0.98,0.0,0.0,0.495,0.0,0
1779784046668,77210579655132602878492357649427279649460284073871805445292788504293203602349,0.495,0.01,0.99,0.98,0.0,0.0,0.495,0.0,0
1779784047669,77210579655132602878492357649427279649460284073871805445292788504293203602349,0.495,0.01,0.99,0.98,0.0,0.0,0.495,0.0,0
1779784048676,77210579655132602878492357649427279649460284073871805445292788504293203602349,0.495,0.01,0.99,0.98,0.0,0.0,0.495,0.0,0
1779784049667,77210579655132602878492357649427279649460284073871805445292788504293203602349,0.495,0.01,0.99,0.98,0.0,0.0,0.495,0.0,0
1779784050676,77210579655132602878492357649427279649460284073871805445292788504293203602349,0.495,0.01,0.99,0.98,0.0,0.0,0.495,0.0,0
1779784051667,77210579655132602878492357649427279649460284073871805445292788504293203602349,0.495,0.01,0.99,0.98,0.0,0.0,0.495,0.0,0
1779784052660,77210579655132602878492357649427279649460284073871805445292788504293203602349,0.495,0.01,0.99,0.98,0.0,0.0,0.495,0.0,0
1779784053674,77210579655132602878492357649427279649460284073871805445292788504293203602349,0.495,0.01,0.99,0.98,0.0,0.0,0.495,0.0,0
1779784054667,77210579655132602878492357649427279649460284073871805445292788504293203602349,0.495,0.01,0.99,0.98,0.0,0.0,0.495,0.0,0
1779784055660,77210579655132602878492357649427279649460284073871805445292788504293203602349,0.495,0.01,0.99,0.98,0.0,0.0,0.495,0.0,0
1779784056663,77210579655132602878492357649427279649460284073871805445292788504293203602349,0.495,0.01,0.99,0.98,0.0,0.0,0.495,0.0,0
1779784057676,77210579655132602878492357649427279649460284073871805445292788504293203602349,0.495,0.01,0.99,0.98,0.0,0.0,0.495,0.0,0
1779784058660,77210579655132602878492357649427279649460284073871805445292788504293203602349,0.495,0.01,0.99,0.98,0.0,0.0,0.495,0.0,0
1779784059663,77210579655132602878492357649427279649460284073871805445292788504293203602349,0.495,0.01,0.99,0.98,0.0,0.0,0.495,0.0,0
1779784060666,77210579655132602878492357649427279649460284073871805445292788504293203602349,0.495,0.01,0.99,0.98,0.0,0.0,0.495,0.0,0
1779784061676,77210579655132602878492357649427279649460284073871805445292788504293203602349,0.495,0.01,0.99,0.98,0.0,0.0,0.495,0.0,0
1779784062663,77210579655132602878492357649427279649460284073871805445292788504293203602349,0.495,0.01,0.99,0.98,0.0,0.0,0.495,0.0,0
1779784063663,77210579655132602878492357649427279649460284073871805445292788504293203602349,0.495,0.01,0.99,0.98,0.0,0.0,0.495,0.0,0
1779784064668,77210579655132602878492357649427279649460284073871805445292788504293203602349,0.495,0.01,0.99,0.98,0.0,0.0,0.495,0.0,0
1779784065667,77210579655132602878492357649427279649460284073871805445292788504293203602349,0.495,0.01,0.99,0.98,0.0,0.0,0.495,0.0,0
1779784066665,77210579655132602878492357649427279649460284073871805445292788504293203602349,0.495,0.01,0.99,0.98,0.0,0.0,0.495,0.0,0
1779784067671,77210579655132602878492357649427279649460284073871805445292788504293203602349,0.495,0.01,0.99,0.98,0.0,0.0,0.495,0.0,0
1779784068675,77210579655132602878492357649427279649460284073871805445292788504293203602349,0.495,0.01,0.99,0.98,0.0,0.0,0.495,0.0,0
1779784069753,77210579655132602878492357649427279649460284073871805445292788504293203602349,0.495,0.01,0.99,0.98,0.0,0.0,0.495,0.0,0
1779784070688,77210579655132602878492357649427279649460284073871805445292788504293203602349,0.495,0.01,0.99,0.98,0.0,0.0,0.495,0.0,0
1779784071677,77210579655132602878492357649427279649460284073871805445292788504293203602349,0.495,0.01,0.99,0.98,0.0,0.0,0.495,0.0,0
1779784072716,77210579655132602878492357649427279649460284073871805445292788504293203602349,0.495,0.01,0.99,0.98,0.0,0.0,0.495,0.0,0
1779784073683,77210579655132602878492357649427279649460284073871805445292788504293203602349,0.495,0.01,0.99,0.98,0.0,0.0,0.495,0.0,0
1779784074689,77210579655132602878492357649427279649460284073871805445292788504293203602349,0.495,0.01,0.99,0.98,0.0,0.0,0.495,0.0,0
1779784075673,77210579655132602878492357649427279649460284073871805445292788504293203602349,0.495,0.01,0.99,0.98,0.0,0.0,0.495,0.0,0
1779784076683,77210579655132602878492357649427279649460284073871805445292788504293203602349,0.495,0.01,0.99,0.98,0.0,0.0,0.495,0.0,0
1779784077682,77210579655132602878492357649427279649460284073871805445292788504293203602349,0.495,0.01,0.99,0.98,0.0,0.0,0.495,0.0,0
1779784078669,77210579655132602878492357649427279649460284073871805445292788504293203602349,0.495,0.01,0.99,0.98,0.0,0.0,0.495,0.0,0
1779784079677,77210579655132602878492357649427279649460284073871805445292788504293203602349,0.495,0.01,0.99,0.98,0.0,0.0,0.495,0.0,0
1779784080660,77210579655132602878492357649427279649460284073871805445292788504293203602349,0.495,0.01,0.99,0.98,0.0,0.0,0.495,0.0,0
1779784081671,77210579655132602878492357649427279649460284073871805445292788504293203602349,0.495,0.01,0.99,0.98,0.0,0.0,0.495,0.0,0
1779784082666,77210579655132602878492357649427279649460284073871805445292788504293203602349,0.495,0.01,0.99,0.98,0.0,0.0,0.495,0.0,0
1779784083671,77210579655132602878492357649427279649460284073871805445292788504293203602349,0.495,0.01,0.99,0.98,0.0,0.0,0.495,0.0,0
1779784084688,77210579655132602878492357649427279649460284073871805445292788504293203602349,0.495,0.01,0.99,0.98,0.0,0.0,0.495,0.0,0
1779784085662,77210579655132602878492357649427279649460284073871805445292788504293203602349,0.495,0.01,0.99,0.98,0.0,0.0,0.495,0.0,0
1779784086735,77210579655132602878492357649427279649460284073871805445292788504293203602349,0.495,0.01,0.99,0.98,0.0,0.0,0.495,0.0,0
1779784087674,77210579655132602878492357649427279649460284073871805445292788504293203602349,0.495,0.01,0.99,0.98,0.0,0.0,0.495,0.0,0
1779784088678,77210579655132602878492357649427279649460284073871805445292788504293203602349,0.495,0.01,0.99,0.98,0.0,0.0,0.495,0.0,0
1779784089662,77210579655132602878492357649427279649460284073871805445292788504293203602349,0.495,0.01,0.99,0.98,0.0,0.0,0.495,0.0,0
1779784090670,77210579655132602878492357649427279649460284073871805445292788504293203602349,0.495,0.01,0.99,0.98,0.0,0.0,0.495,0.0,0
1779784091674,77210579655132602878492357649427279649460284073871805445292788504293203602349,0.495,0.01,0.99,0.98,0.0,0.0,0.495,0.0,0
1779784092678,77210579655132602878492357649427279649460284073871805445292788504293203602349,0.495,0.01,0.99,0.98,0.0,0.0,0.495,0.0,0
1779784093666,77210579655132602878492357649427279649460284073871805445292788504293203602349,0.495,0.01,0.99,0.98,0.0,0.0,0.495,0.0,0
1779784094666,77210579655132602878492357649427279649460284073871805445292788504293203602349,0.495,0.01,0.99,0.98,0.0,0.0,0.495,0.0,0
1779784095684,77210579655132602878492357649427279649460284073871805445292788504293203602349,0.495,0.01,0.99,0.98,0.0,0.0,0.495,0.0,0
1779784096696,77210579655132602878492357649427279649460284073871805445292788504293203602349,0.495,0.01,0.99,0.98,0.0,0.0,0.495,0.0,0
1779784097670,77210579655132602878492357649427279649460284073871805445292788504293203602349,0.495,0.01,0.99,0.98,0.0,0.0,0.495,0.0,0
1779784098668,77210579655132602878492357649427279649460284073871805445292788504293203602349,0.495,0.01,0.99,0.98,0.0,0.0,0.495,0.0,0
1779784099667,77210579655132602878492357649427279649460284073871805445292788504293203602349,0.495,0.01,0.99,0.98,0.0,0.0,0.495,0.0,0
1779784100680,77210579655132602878492357649427279649460284073871805445292788504293203602349,0.495,0.01,0.99,0.98,0.0,0.0,0.495,0.0,0
1779784101669,77210579655132602878492357649427279649460284073871805445292788504293203602349,0.495,0.01,0.99,0.98,0.0,0.0,0.495,0.0,0
1779784102672,77210579655132602878492357649427279649460284073871805445292788504293203602349,0.495,0.01,0.99,0.98,0.0,0.0,0.495,0.0,0
1779784103669,77210579655132602878492357649427279649460284073871805445292788504293203602349,0.495,0.01,0.99,0.98,0.0,0.0,0.495,0.0,0
1779784104665,77210579655132602878492357649427279649460284073871805445292788504293203602349,0.495,0.01,0.99,0.98,0.0,0.0,0.495,0.0,0
1779784105703,77210579655132602878492357649427279649460284073871805445292788504293203602349,0.495,0.01,0.99,0.98,0.0,0.0,0.495,0.0,0
1779784106794,77210579655132602878492357649427279649460284073871805445292788504293203602349,0.495,0.01,0.99,0.98,0.0,0.0,0.495,0.0,0
1779784107674,77210579655132602878492357649427279649460284073871805445292788504293203602349,0.495,0.01,0.99,0.98,0.0,0.0,0.495,0.0,0
1779784108670,77210579655132602878492357649427279649460284073871805445292788504293203602349,0.495,0.01,0.99,0.98,0.0,0.0,0.495,0.0,0
1779784109677,77210579655132602878492357649427279649460284073871805445292788504293203602349,0.495,0.01,0.99,0.98,0.0,0.0,0.495,0.0,0
1779784110682,77210579655132602878492357649427279649460284073871805445292788504293203602349,0.495,0.01,0.99,0.98,0.0,0.0,0.495,0.0,0
1779784111665,77210579655132602878492357649427279649460284073871805445292788504293203602349,0.495,0.01,0.99,0.98,0.0,0.0,0.495,0.0,0
1779784112675,77210579655132602878492357649427279649460284073871805445292788504293203602349,0.495,0.01,0.99,0.98,0.0,0.0,0.495,0.0,0
1779784113672,77210579655132602878492357649427279649460284073871805445292788504293203602349,0.495,0.01,0.99,0.98,0.0,0.0,0.495,0.0,0
1779784114674,77210579655132602878492357649427279649460284073871805445292788504293203602349,0.495,0.01,0.99,0.98,0.0,0.0,0.495,0.0,0
1779784115673,77210579655132602878492357649427279649460284073871805445292788504293203602349,0.495,0.01,0.99,0.98,0.0,0.0,0.495,0.0,0
1779784116679,77210579655132602878492357649427279649460284073871805445292788504293203602349,0.495,0.01,0.99,0.98,0.0,0.0,0.495,0.0,0
1779784117681,77210579655132602878492357649427279649460284073871805445292788504293203602349,0.495,0.01,0.99,0.98,0.0,0.0,0.495,0.0,0
1779784118675,77210579655132602878492357649427279649460284073871805445292788504293203602349,0.495,0.01,0.99,0.98,0.0,0.0,0.495,0.0,0
1779784119712,77210579655132602878492357649427279649460284073871805445292788504293203602349,0.495,0.01,0.99,0.98,0.0,0.0,0.495,0.0,0
1779784120663,77210579655132602878492357649427279649460284073871805445292788504293203602349,0.495,0.01,0.99,0.98,0.0,0.0,0.495,0.0,0
1779784121668,77210579655132602878492357649427279649460284073871805445292788504293203602349,0.495,0.01,0.99,0.98,0.0,0.0,0.495,0.0,0
1779784122671,77210579655132602878492357649427279649460284073871805445292788504293203602349,0.495,0.01,0.99,0.98,0.0,0.0,0.495,0.0,0
1779784123670,77210579655132602878492357649427279649460284073871805445292788504293203602349,0.495,0.01,0.99,0.98,0.0,0.0,0.495,0.0,0
1779784124668,77210579655132602878492357649427279649460284073871805445292788504293203602349,0.495,0.01,0.99,0.98,0.0,0.0,0.495,0.0,0
1779784125664,77210579655132602878492357649427279649460284073871805445292788504293203602349,0.495,0.01,0.99,0.98,0.0,0.0,0.495,0.0,0
1779784126666,77210579655132602878492357649427279649460284073871805445292788504293203602349,0.495,0.01,0.99,0.98,0.0,0.0,0.495,0.0,0
1779784127692,77210579655132602878492357649427279649460284073871805445292788504293203602349,0.495,0.01,0.99,0.98,0.0,0.0,0.495,0.0,0
1779784128705,77210579655132602878492357649427279649460284073871805445292788504293203602349,0.495,0.01,0.99,0.98,0.0,0.0,0.495,0.0,0
1779784129669,77210579655132602878492357649427279649460284073871805445292788504293203602349,0.495,0.01,0.99,0.98,0.0,0.0,0.495,0.0,0
1779784130698,77210579655132602878492357649427279649460284073871805445292788504293203602349,0.495,0.01,0.99,0.98,0.0,0.0,0.495,0.0,0
1779784131834,77210579655132602878492357649427279649460284073871805445292788504293203602349,0.495,0.01,0.99,0.98,0.0,0.0,0.495,0.0,0
1779784132682,77210579655132602878492357649427279649460284073871805445292788504293203602349,0.495,0.01,0.99,0.98,0.0,0.0,0.495,0.0,0
1779784133675,77210579655132602878492357649427279649460284073871805445292788504293203602349,0.495,0.01,0.99,0.98,0.0,0.0,0.495,0.0,0
1779784134671,77210579655132602878492357649427279649460284073871805445292788504293203602349,0.495,0.01,0.99,0.98,0.0,0.0,0.495,0.0,0
1779784135669,77210579655132602878492357649427279649460284073871805445292788504293203602349,0.495,0.01,0.99,0.98,0.0,0.0,0.495,0.0,0
1779784136740,77210579655132602878492357649427279649460284073871805445292788504293203602349,0.495,0.01,0.99,0.98,0.0,0.0,0.495,0.0,0
1779784137676,77210579655132602878492357649427279649460284073871805445292788504293203602349,0.495,0.01,0.99,0.98,0.0,0.0,0.495,0.0,0
1779784138667,77210579655132602878492357649427279649460284073871805445292788504293203602349,0.495,0.01,0.99,0.98,0.0,0.0,0.495,0.0,0
1779784139675,77210579655132602878492357649427279649460284073871805445292788504293203602349,0.495,0.01,0.99,0.98,0.0,0.0,0.495,0.0,0
1779784140702,77210579655132602878492357649427279649460284073871805445292788504293203602349,0.495,0.01,0.99,0.98,0.0,0.0,0.495,0.0,0
1779784141670,77210579655132602878492357649427279649460284073871805445292788504293203602349,0.495,0.01,0.99,0.98,0.0,0.0,0.495,0.0,0
1779784142665,77210579655132602878492357649427279649460284073871805445292788504293203602349,0.495,0.01,0.99,0.98,0.0,0.0,0.495,0.0,0
1779784143682,77210579655132602878492357649427279649460284073871805445292788504293203602349,0.495,0.01,0.99,0.98,0.0,0.0,0.495,0.0,0
1779784144674,77210579655132602878492357649427279649460284073871805445292788504293203602349,0.495,0.01,0.99,0.98,0.0,0.0,0.495,0.0,0
1779784145673,77210579655132602878492357649427279649460284073871805445292788504293203602349,0.495,0.01,0.99,0.98,0.0,0.0,0.495,0.0,0
1779784146668,77210579655132602878492357649427279649460284073871805445292788504293203602349,0.495,0.01,0.99,0.98,0.0,0.0,0.495,0.0,0
1779784147868,77210579655132602878492357649427279649460284073871805445292788504293203602349,0.495,0.01,0.99,0.98,0.0,0.0,0.495,0.0,0
1779784148670,77210579655132602878492357649427279649460284073871805445292788504293203602349,0.495,0.01,0.99,0.98,0.0,0.0,0.495,0.0,0
1779784149664,77210579655132602878492357649427279649460284073871805445292788504293203602349,0.495,0.01,0.99,0.98,0.0,0.0,0.495,0.0,0
1779784150688,77210579655132602878492357649427279649460284073871805445292788504293203602349,0.495,0.01,0.99,0.98,0.0,0.0,0.495,0.0,0
1779784151671,77210579655132602878492357649427279649460284073871805445292788504293203602349,0.495,0.01,0.99,0.98,0.0,0.0,0.495,0.0,0
1779784152740,77210579655132602878492357649427279649460284073871805445292788504293203602349,0.495,0.01,0.99,0.98,0.0,0.0,0.495,0.0,0
1779784153681,77210579655132602878492357649427279649460284073871805445292788504293203602349,0.495,0.01,0.99,0.98,0.0,0.0,0.495,0.0,0
1779784154670,77210579655132602878492357649427279649460284073871805445292788504293203602349,0.495,0.01,0.99,0.98,0.0,0.0,0.495,0.0,0
1779784155677,77210579655132602878492357649427279649460284073871805445292788504293203602349,0.495,0.01,0.99,0.98,0.0,0.0,0.495,0.0,0
1779784156817,77210579655132602878492357649427279649460284073871805445292788504293203602349,0.495,0.01,0.99,0.98,0.0,0.0,0.495,0.0,0
1779784157665,77210579655132602878492357649427279649460284073871805445292788504293203602349,0.495,0.01,0.99,0.98,0.0,0.0,0.495,0.0,0
1779784158673,77210579655132602878492357649427279649460284073871805445292788504293203602349,0.495,0.01,0.99,0.98,0.0,0.0,0.495,0.0,0
1779784159679,77210579655132602878492357649427279649460284073871805445292788504293203602349,0.495,0.01,0.99,0.98,0.0,0.0,0.495,0.0,0
1779784160678,77210579655132602878492357649427279649460284073871805445292788504293203602349,0.495,0.01,0.99,0.98,0.0,0.0,0.495,0.0,0
1779784161674,77210579655132602878492357649427279649460284073871805445292788504293203602349,0.495,0.01,0.99,0.98,0.0,0.0,0.495,0.0,0
1779784162677,77210579655132602878492357649427279649460284073871805445292788504293203602349,0.495,0.01,0.99,0.98,0.0,0.0,0.495,0.0,0
1779784163694,77210579655132602878492357649427279649460284073871805445292788504293203602349,0.495,0.01,0.99,0.98,0.0,0.0,0.495,0.0,0
1779784164678,77210579655132602878492357649427279649460284073871805445292788504293203602349,0.495,0.01,0.99,0.98,0.0,0.0,0.495,0.0,0
1779784165664,77210579655132602878492357649427279649460284073871805445292788504293203602349,0.495,0.01,0.99,0.98,0.0,0.0,0.495,0.0,0
1779784166701,77210579655132602878492357649427279649460284073871805445292788504293203602349,0.495,0.01,0.99,0.98,0.0,0.0,0.495,0.0,0
1779784167678,77210579655132602878492357649427279649460284073871805445292788504293203602349,0.495,0.01,0.99,0.98,0.0,0.0,0.495,0.0,0
1779784168671,77210579655132602878492357649427279649460284073871805445292788504293203602349,0.495,0.01,0.99,0.98,0.0,0.0,0.495,0.0,0
1779784169703,77210579655132602878492357649427279649460284073871805445292788504293203602349,0.495,0.01,0.99,0.98,0.0,0.0,0.495,0.0,0
1779784170663,77210579655132602878492357649427279649460284073871805445292788504293203602349,0.495,0.01,0.99,0.98,0.0,0.0,0.495,0.0,0
1779784171676,77210579655132602878492357649427279649460284073871805445292788504293203602349,0.495,0.01,0.99,0.98,0.0,0.0,0.495,0.0,0
1779784172664,77210579655132602878492357649427279649460284073871805445292788504293203602349,0.495,0.01,0.99,0.98,0.0,0.0,0.495,0.0,0
1779784173671,77210579655132602878492357649427279649460284073871805445292788504293203602349,0.495,0.01,0.99,0.98,0.0,0.0,0.495,0.0,0
1779784174739,77210579655132602878492357649427279649460284073871805445292788504293203602349,0.495,0.01,0.99,0.98,0.0,0.0,0.495,0.0,0
1779784175683,77210579655132602878492357649427279649460284073871805445292788504293203602349,0.495,0.01,0.99,0.98,0.0,0.0,0.495,0.0,0
1779784176672,77210579655132602878492357649427279649460284073871805445292788504293203602349,0.495,0.01,0.99,0.98,0.0,0.0,0.495,0.0,0
1779784177668,77210579655132602878492357649427279649460284073871805445292788504293203602349,0.495,0.01,0.99,0.98,0.0,0.0,0.495,0.0,0
1779784178673,77210579655132602878492357649427279649460284073871805445292788504293203602349,0.495,0.01,0.99,0.98,0.0,0.0,0.495,0.0,0
1779784179670,77210579655132602878492357649427279649460284073871805445292788504293203602349,0.495,0.01,0.99,0.98,0.0,0.0,0.495,0.0,0
1779784180677,77210579655132602878492357649427279649460284073871805445292788504293203602349,0.495,0.01,0.99,0.98,0.0,0.0,0.495,0.0,0
1779784181675,77210579655132602878492357649427279649460284073871805445292788504293203602349,0.495,0.01,0.99,0.98,0.0,0.0,0.495,0.0,0
1779784182678,77210579655132602878492357649427279649460284073871805445292788504293203602349,0.495,0.01,0.99,0.98,0.0,0.0,0.495,0.0,0
1779784183663,77210579655132602878492357649427279649460284073871805445292788504293203602349,0.495,0.01,0.99,0.98,0.0,0.0,0.495,0.0,0
1779784184673,77210579655132602878492357649427279649460284073871805445292788504293203602349,0.495,0.01,0.99,0.98,0.0,0.0,0.495,0.0,0
1779784185669,77210579655132602878492357649427279649460284073871805445292788504293203602349,0.495,0.01,0.99,0.98,0.0,0.0,0.495,0.0,0
1779784186693,77210579655132602878492357649427279649460284073871805445292788504293203602349,0.495,0.01,0.99,0.98,0.0,0.0,0.495,0.0,0
1779784187669,77210579655132602878492357649427279649460284073871805445292788504293203602349,0.495,0.01,0.99,0.98,0.0,0.0,0.495,0.0,0
1779784188666,77210579655132602878492357649427279649460284073871805445292788504293203602349,0.495,0.01,0.99,0.98,0.0,0.0,0.495,0.0,0
1779784189675,77210579655132602878492357649427279649460284073871805445292788504293203602349,0.495,0.01,0.99,0.98,0.0,0.0,0.495,0.0,0
1779784190696,77210579655132602878492357649427279649460284073871805445292788504293203602349,0.495,0.01,0.99,0.98,0.0,0.0,0.495,0.0,0
1779784191677,77210579655132602878492357649427279649460284073871805445292788504293203602349,0.495,0.01,0.99,0.98,0.0,0.0,0.495,0.0,0
1779784192672,77210579655132602878492357649427279649460284073871805445292788504293203602349,0.495,0.01,0.99,0.98,0.0,0.0,0.495,0.0,0
1779784193665,77210579655132602878492357649427279649460284073871805445292788504293203602349,0.495,0.01,0.99,0.98,0.0,0.0,0.495,0.0,0
1779784194679,77210579655132602878492357649427279649460284073871805445292788504293203602349,0.495,0.01,0.99,0.98,0.0,0.0,0.495,0.0,0
1779784195671,77210579655132602878492357649427279649460284073871805445292788504293203602349,0.495,0.01,0.99,0.98,0.0,0.0,0.495,0.0,0
1779784196673,77210579655132602878492357649427279649460284073871805445292788504293203602349,0.495,0.01,0.99,0.98,0.0,0.0,0.495,0.0,0
1779784197668,77210579655132602878492357649427279649460284073871805445292788504293203602349,0.495,0.01,0.99,0.98,0.0,0.0,0.495,0.0,0
1779784198667,77210579655132602878492357649427279649460284073871805445292788504293203602349,0.495,0.01,0.99,0.98,0.0,0.0,0.495,0.0,0
1779784199669,77210579655132602878492357649427279649460284073871805445292788504293203602349,0.495,0.01,0.99,0.98,0.0,0.0,0.495,0.0,0
1779784200671,77210579655132602878492357649427279649460284073871805445292788504293203602349,0.495,0.01,0.99,0.98,0.0,0.0,0.495,0.0,0
1779784201676,77210579655132602878492357649427279649460284073871805445292788504293203602349,0.495,0.01,0.99,0.98,0.0,0.0,0.495,0.0,0
1779784202677,77210579655132602878492357649427279649460284073871805445292788504293203602349,0.495,0.01,0.99,0.98,0.0,0.0,0.495,0.0,0
1779784203694,77210579655132602878492357649427279649460284073871805445292788504293203602349,0.495,0.01,0.99,0.98,0.0,0.0,0.495,0.0,0
1779784204677,77210579655132602878492357649427279649460284073871805445292788504293203602349,0.495,0.01,0.99,0.98,0.0,0.0,0.495,0.0,0
1779784205671,77210579655132602878492357649427279649460284073871805445292788504293203602349,0.495,0.01,0.99,0.98,0.0,0.0,0.495,0.0,0
1779784206674,77210579655132602878492357649427279649460284073871805445292788504293203602349,0.495,0.01,0.99,0.98,0.0,0.0,0.495,0.0,0
1779784207670,77210579655132602878492357649427279649460284073871805445292788504293203602349,0.495,0.01,0.99,0.98,0.0,0.0,0.495,0.0,0
1779784208673,77210579655132602878492357649427279649460284073871805445292788504293203602349,0.495,0.01,0.99,0.98,0.0,0.0,0.495,0.0,0
1779784209670,77210579655132602878492357649427279649460284073871805445292788504293203602349,0.495,0.01,0.99,0.98,0.0,0.0,0.495,0.0,0
1779784210756,77210579655132602878492357649427279649460284073871805445292788504293203602349,0.495,0.01,0.99,0.98,0.0,0.0,0.495,0.0,0
1779784211671,77210579655132602878492357649427279649460284073871805445292788504293203602349,0.495,0.01,0.99,0.98,0.0,0.0,0.495,0.0,0
1779784212675,77210579655132602878492357649427279649460284073871805445292788504293203602349,0.495,0.01,0.99,0.98,0.0,0.0,0.495,0.0,0
1779784213679,77210579655132602878492357649427279649460284073871805445292788504293203602349,0.495,0.01,0.99,0.98,0.0,0.0,0.495,0.0,0
1779784214669,77210579655132602878492357649427279649460284073871805445292788504293203602349,0.495,0.01,0.99,0.98,0.0,0.0,0.495,0.0,0
1779784215673,77210579655132602878492357649427279649460284073871805445292788504293203602349,0.495,0.01,0.99,0.98,0.0,0.0,0.495,0.0,0
1779784216680,77210579655132602878492357649427279649460284073871805445292788504293203602349,0.495,0.01,0.99,0.98,0.0,0.0,0.495,0.0,0
1779784217676,77210579655132602878492357649427279649460284073871805445292788504293203602349,0.495,0.01,0.99,0.98,0.0,0.0,0.495,0.0,0
1779784218675,77210579655132602878492357649427279649460284073871805445292788504293203602349,0.495,0.01,0.99,0.98,0.0,0.0,0.495,0.0,0
1779784219665,77210579655132602878492357649427279649460284073871805445292788504293203602349,0.495,0.01,0.99,0.98,0.0,0.0,0.495,0.0,0
1779784220674,77210579655132602878492357649427279649460284073871805445292788504293203602349,0.495,0.01,0.99,0.98,0.0,0.0,0.495,0.0,0
1779784221675,77210579655132602878492357649427279649460284073871805445292788504293203602349,0.495,0.01,0.99,0.98,0.0,0.0,0.495,0.0,0
1779784222669,77210579655132602878492357649427279649460284073871805445292788504293203602349,0.495,0.01,0.99,0.98,0.0,0.0,0.495,0.0,0
1779784223687,77210579655132602878492357649427279649460284073871805445292788504293203602349,0.495,0.01,0.99,0.98,0.0,0.0,0.495,0.0,0
1779784224692,77210579655132602878492357649427279649460284073871805445292788504293203602349,0.495,0.01,0.99,0.98,0.0,0.0,0.495,0.0,0
1779784225670,77210579655132602878492357649427279649460284073871805445292788504293203602349,0.495,0.01,0.99,0.98,0.0,0.0,0.495,0.0,0
1779784226678,77210579655132602878492357649427279649460284073871805445292788504293203602349,0.495,0.01,0.99,0.98,0.0,0.0,0.495,0.0,0
1779784227678,77210579655132602878492357649427279649460284073871805445292788504293203602349,0.495,0.01,0.99,0.98,0.0,0.0,0.495,0.0,0
1779784228672,77210579655132602878492357649427279649460284073871805445292788504293203602349,0.495,0.01,0.99,0.98,0.0,0.0,0.495,0.0,0
1779784229681,77210579655132602878492357649427279649460284073871805445292788504293203602349,0.495,0.01,0.99,0.98,0.0,0.0,0.495,0.0,0
1779784230686,77210579655132602878492357649427279649460284073871805445292788504293203602349,0.495,0.01,0.99,0.98,0.0,0.0,0.495,0.0,0
1779784231682,77210579655132602878492357649427279649460284073871805445292788504293203602349,0.495,0.01,0.99,0.98,0.0,0.0,0.495,0.0,0
1779784232679,77210579655132602878492357649427279649460284073871805445292788504293203602349,0.495,0.01,0.99,0.98,0.0,0.0,0.495,0.0,0
1779784233673,77210579655132602878492357649427279649460284073871805445292788504293203602349,0.495,0.01,0.99,0.98,0.0,0.0,0.495,0.0,0
1779784234673,77210579655132602878492357649427279649460284073871805445292788504293203602349,0.495,0.01,0.99,0.98,0.0,0.0,0.495,0.0,0
1779784235678,77210579655132602878492357649427279649460284073871805445292788504293203602349,0.495,0.01,0.99,0.98,0.0,0.0,0.495,0.0,0
1779784236671,77210579655132602878492357649427279649460284073871805445292788504293203602349,0.495,0.01,0.99,0.98,0.0,0.0,0.495,0.0,0
1779784237684,77210579655132602878492357649427279649460284073871805445292788504293203602349,0.495,0.01,0.99,0.98,0.0,0.0,0.495,0.0,0
1779784238667,77210579655132602878492357649427279649460284073871805445292788504293203602349,0.495,0.01,0.99,0.98,0.0,0.0,0.495,0.0,0
1779784239677,77210579655132602878492357649427279649460284073871805445292788504293203602349,0.495,0.01,0.99,0.98,0.0,0.0,0.495,0.0,0
1779784240668,77210579655132602878492357649427279649460284073871805445292788504293203602349,0.495,0.01,0.99,0.98,0.0,0.0,0.495,0.0,0
1779784241675,77210579655132602878492357649427279649460284073871805445292788504293203602349,0.495,0.01,0.99,0.98,0.0,0.0,0.495,0.0,0
1779784242676,77210579655132602878492357649427279649460284073871805445292788504293203602349,0.495,0.01,0.99,0.98,0.0,0.0,0.495,0.0,0
1779784243672,77210579655132602878492357649427279649460284073871805445292788504293203602349,0.495,0.01,0.99,0.98,0.0,0.0,0.495,0.0,0
1779784244676,77210579655132602878492357649427279649460284073871805445292788504293203602349,0.495,0.01,0.99,0.98,0.0,0.0,0.495,0.0,0
1779784245682,77210579655132602878492357649427279649460284073871805445292788504293203602349,0.495,0.01,0.99,0.98,0.0,0.0,0.495,0.0,0
1779784246682,77210579655132602878492357649427279649460284073871805445292788504293203602349,0.495,0.01,0.99,0.98,0.0,0.0,0.495,0.0,0
1779784247684,77210579655132602878492357649427279649460284073871805445292788504293203602349,0.495,0.01,0.99,0.98,0.0,0.0,0.495,0.0,0
1779784248676,77210579655132602878492357649427279649460284073871805445292788504293203602349,0.495,0.01,0.99,0.98,0.0,0.0,0.495,0.0,0
1779784249679,77210579655132602878492357649427279649460284073871805445292788504293203602349,0.495,0.01,0.99,0.98,0.0,0.0,0.495,0.0,0
1779784250713,77210579655132602878492357649427279649460284073871805445292788504293203602349,0.495,0.01,0.99,0.98,0.0,0.0,0.495,0.0,0
1779784254516,77210579655132602878492357649427279649460284073871805445292788504293203602349,0.495,0.01,0.99,0.98,0.0,0.0,0.495,0.0,0
1779784255446,77210579655132602878492357649427279649460284073871805445292788504293203602349,0.495,0.01,0.99,0.98,0.0,0.0,0.495,0.0,0
1779784255451,77210579655132602878492357649427279649460284073871805445292788504293203602349,0.495,0.01,0.99,0.98,0.0,0.0,0.495,0.0,0
1779784256440,77210579655132602878492357649427279649460284073871805445292788504293203602349,0.495,0.01,0.99,0.98,0.0,0.0,0.495,0.0,0
1779784257444,77210579655132602878492357649427279649460284073871805445292788504293203602349,0.495,0.01,0.99,0.98,0.0,0.0,0.495,0.0,0
1779784258452,77210579655132602878492357649427279649460284073871805445292788504293203602349,0.495,0.01,0.99,0.98,0.0,0.0,0.495,0.0,0
1779784259460,77210579655132602878492357649427279649460284073871805445292788504293203602349,0.495,0.01,0.99,0.98,0.0,0.0,0.495,0.0,0
1779784260452,77210579655132602878492357649427279649460284073871805445292788504293203602349,0.495,0.01,0.99,0.98,0.0,0.0,0.495,0.0,0
1779784261444,77210579655132602878492357649427279649460284073871805445292788504293203602349,0.495,0.01,0.99,0.98,0.0,0.0,0.495,0.0,0
1779784262447,77210579655132602878492357649427279649460284073871805445292788504293203602349,0.495,0.01,0.99,0.98,0.0,0.0,0.495,0.0,0
1779784263433,77210579655132602878492357649427279649460284073871805445292788504293203602349,0.495,0.01,0.99,0.98,0.0,0.0,0.495,0.0,0
1779784264443,77210579655132602878492357649427279649460284073871805445292788504293203602349,0.495,0.01,0.99,0.98,0.0,0.0,0.495,0.0,0
1779784265439,77210579655132602878492357649427279649460284073871805445292788504293203602349,0.495,0.01,0.99,0.98,0.0,0.0,0.495,0.0,0
1779784266456,77210579655132602878492357649427279649460284073871805445292788504293203602349,0.495,0.01,0.99,0.98,0.0,0.0,0.495,0.0,0
1779784267435,77210579655132602878492357649427279649460284073871805445292788504293203602349,0.495,0.01,0.99,0.98,0.0,0.0,0.495,0.0,0
1779784268439,77210579655132602878492357649427279649460284073871805445292788504293203602349,0.495,0.01,0.99,0.98,0.0,0.0,0.495,0.0,0
1779784269459,77210579655132602878492357649427279649460284073871805445292788504293203602349,0.495,0.01,0.99,0.98,0.0,0.0,0.495,0.0,0
1779784270442,77210579655132602878492357649427279649460284073871805445292788504293203602349,0.495,0.01,0.99,0.98,0.0,0.0,0.495,0.0,0
1779784271453,77210579655132602878492357649427279649460284073871805445292788504293203602349,0.495,0.01,0.99,0.98,0.0,0.0,0.495,0.0,0
1779784272450,77210579655132602878492357649427279649460284073871805445292788504293203602349,0.495,0.01,0.99,0.98,0.0,0.0,0.495,0.0,0
1779784273437,77210579655132602878492357649427279649460284073871805445292788504293203602349,0.495,0.01,0.99,0.98,0.0,0.0,0.495,0.0,0
1779784274439,77210579655132602878492357649427279649460284073871805445292788504293203602349,0.495,0.01,0.99,0.98,0.0,0.0,0.495,0.0,0
1779784275442,77210579655132602878492357649427279649460284073871805445292788504293203602349,0.495,0.01,0.99,0.98,0.0,0.0,0.495,0.0,0
1779784276449,77210579655132602878492357649427279649460284073871805445292788504293203602349,0.495,0.01,0.99,0.98,0.0,0.0,0.495,0.0,0
1779784277471,77210579655132602878492357649427279649460284073871805445292788504293203602349,0.495,0.01,0.99,0.98,0.0,0.0,0.495,0.0,0
1779784278450,77210579655132602878492357649427279649460284073871805445292788504293203602349,0.495,0.01,0.99,0.98,0.0,0.0,0.495,0.0,0
1779784279460,77210579655132602878492357649427279649460284073871805445292788504293203602349,0.495,0.01,0.99,0.98,0.0,0.0,0.495,0.0,0
1779784280449,77210579655132602878492357649427279649460284073871805445292788504293203602349,0.495,0.01,0.99,0.98,0.0,0.0,0.495,0.0,0
1779784281477,77210579655132602878492357649427279649460284073871805445292788504293203602349,0.495,0.01,0.99,0.98,0.0,0.0,0.495,0.0,0
1779784282489,77210579655132602878492357649427279649460284073871805445292788504293203602349,0.495,0.01,0.99,0.98,0.0,0.0,0.495,0.0,0
1779784283454,77210579655132602878492357649427279649460284073871805445292788504293203602349,0.495,0.01,0.99,0.98,0.0,0.0,0.495,0.0,0
1779784284449,77210579655132602878492357649427279649460284073871805445292788504293203602349,0.495,0.01,0.99,0.98,0.0,0.0,0.495,0.0,0
1779784285437,77210579655132602878492357649427279649460284073871805445292788504293203602349,0.495,0.01,0.99,0.98,0.0,0.0,0.495,0.0,0
1779784286515,77210579655132602878492357649427279649460284073871805445292788504293203602349,0.495,0.01,0.99,0.98,0.0,0.0,0.495,0.0,0
1779784287448,77210579655132602878492357649427279649460284073871805445292788504293203602349,0.495,0.01,0.99,0.98,0.0,0.0,0.495,0.0,0
1779784288450,77210579655132602878492357649427279649460284073871805445292788504293203602349,0.495,0.01,0.99,0.98,0.0,0.0,0.495,0.0,0
1779784289454,77210579655132602878492357649427279649460284073871805445292788504293203602349,0.495,0.01,0.99,0.98,0.0,0.0,0.495,0.0,0
1779784290444,77210579655132602878492357649427279649460284073871805445292788504293203602349,0.495,0.01,0.99,0.98,0.0,0.0,0.495,0.0,0
1779784291449,77210579655132602878492357649427279649460284073871805445292788504293203602349,0.495,0.01,0.99,0.98,0.0,0.0,0.495,0.0,0
1779784292440,77210579655132602878492357649427279649460284073871805445292788504293203602349,0.495,0.01,0.99,0.98,0.0,0.0,0.495,0.0,0
1779784293438,77210579655132602878492357649427279649460284073871805445292788504293203602349,0.495,0.01,0.99,0.98,0.0,0.0,0.495,0.0,0
1779784294435,77210579655132602878492357649427279649460284073871805445292788504293203602349,0.495,0.01,0.99,0.98,0.0,0.0,0.495,0.0,0
1779784295444,77210579655132602878492357649427279649460284073871805445292788504293203602349,0.495,0.01,0.99,0.98,0.0,0.0,0.495,0.0,0
1779784296448,77210579655132602878492357649427279649460284073871805445292788504293203602349,0.495,0.01,0.99,0.98,0.0,0.0,0.495,0.0,0
1779784297440,77210579655132602878492357649427279649460284073871805445292788504293203602349,0.495,0.01,0.99,0.98,0.0,0.0,0.495,0.0,0
1779784298439,77210579655132602878492357649427279649460284073871805445292788504293203602349,0.495,0.01,0.99,0.98,0.0,0.0,0.495,0.0,0
1779784299446,77210579655132602878492357649427279649460284073871805445292788504293203602349,0.495,0.01,0.99,0.98,0.0,0.0,0.495,0.0,0
1779784300462,77210579655132602878492357649427279649460284073871805445292788504293203602349,0.495,0.01,0.99,0.98,0.0,0.0,0.495,0.0,0
1779784301440,77210579655132602878492357649427279649460284073871805445292788504293203602349,0.495,0.01,0.99,0.98,0.0,0.0,0.495,0.0,0
1779784302475,77210579655132602878492357649427279649460284073871805445292788504293203602349,0.495,0.01,0.99,0.98,0.0,0.0,0.495,0.0,0
1779784303443,77210579655132602878492357649427279649460284073871805445292788504293203602349,0.495,0.01,0.99,0.98,0.0,0.0,0.495,0.0,0
1779784304438,77210579655132602878492357649427279649460284073871805445292788504293203602349,0.495,0.01,0.99,0.98,0.0,0.0,0.495,0.0,0
1779784305479,77210579655132602878492357649427279649460284073871805445292788504293203602349,0.495,0.01,0.99,0.98,0.0,0.0,0.495,0.0,0
1779784306454,77210579655132602878492357649427279649460284073871805445292788504293203602349,0.495,0.01,0.99,0.98,0.0,0.0,0.495,0.0,0
1779784307450,77210579655132602878492357649427279649460284073871805445292788504293203602349,0.495,0.01,0.99,0.98,0.0,0.0,0.495,0.0,0
1779784308455,77210579655132602878492357649427279649460284073871805445292788504293203602349,0.495,0.01,0.99,0.98,0.0,0.0,0.495,0.0,0
1779784309450,77210579655132602878492357649427279649460284073871805445292788504293203602349,0.495,0.01,0.99,0.98,0.0,0.0,0.495,0.0,0
1779784310441,77210579655132602878492357649427279649460284073871805445292788504293203602349,0.495,0.01,0.99,0.98,0.0,0.0,0.495,0.0,0
1779784311441,77210579655132602878492357649427279649460284073871805445292788504293203602349,0.495,0.01,0.99,0.98,0.0,0.0,0.495,0.0,0
1779784312601,77210579655132602878492357649427279649460284073871805445292788504293203602349,0.495,0.01,0.99,0.98,0.0,0.0,0.495,0.0,0
1779784313453,77210579655132602878492357649427279649460284073871805445292788504293203602349,0.495,0.01,0.99,0.98,0.0,0.0,0.495,0.0,0
1779784314450,77210579655132602878492357649427279649460284073871805445292788504293203602349,0.495,0.01,0.99,0.98,0.0,0.0,0.495,0.0,0
1779784315458,77210579655132602878492357649427279649460284073871805445292788504293203602349,0.495,0.01,0.99,0.98,0.0,0.0,0.495,0.0,0
1779784316449,77210579655132602878492357649427279649460284073871805445292788504293203602349,0.495,0.01,0.99,0.98,0.0,0.0,0.495,0.0,0
1779784317453,77210579655132602878492357649427279649460284073871805445292788504293203602349,0.495,0.01,0.99,0.98,0.0,0.0,0.495,0.0,0
1779784318469,77210579655132602878492357649427279649460284073871805445292788504293203602349,0.495,0.01,0.99,0.98,0.0,0.0,0.495,0.0,0
1779784319451,77210579655132602878492357649427279649460284073871805445292788504293203602349,0.495,0.01,0.99,0.98,0.0,0.0,0.495,0.0,0
1779784320448,77210579655132602878492357649427279649460284073871805445292788504293203602349,0.495,0.01,0.99,0.98,0.0,0.0,0.495,0.0,0
1779784321453,77210579655132602878492357649427279649460284073871805445292788504293203602349,0.495,0.01,0.99,0.98,0.0,0.0,0.495,0.0,0
1779784322453,77210579655132602878492357649427279649460284073871805445292788504293203602349,0.495,0.01,0.99,0.98,0.0,0.0,0.495,0.0,0
1779784323450,77210579655132602878492357649427279649460284073871805445292788504293203602349,0.495,0.01,0.99,0.98,0.0,0.0,0.495,0.0,0
1779784324452,77210579655132602878492357649427279649460284073871805445292788504293203602349,0.495,0.01,0.99,0.98,0.0,0.0,0.495,0.0,0
1779784325449,77210579655132602878492357649427279649460284073871805445292788504293203602349,0.495,0.01,0.99,0.98,0.0,0.0,0.495,0.0,0
1779784326442,77210579655132602878492357649427279649460284073871805445292788504293203602349,0.495,0.01,0.99,0.98,0.0,0.0,0.495,0.0,0
1779784327440,77210579655132602878492357649427279649460284073871805445292788504293203602349,0.495,0.01,0.99,0.98,0.0,0.0,0.495,0.0,0
1779784328444,77210579655132602878492357649427279649460284073871805445292788504293203602349,0.495,0.01,0.99,0.98,0.0,0.0,0.495,0.0,0
1779784329449,77210579655132602878492357649427279649460284073871805445292788504293203602349,0.495,0.01,0.99,0.98,0.0,0.0,0.495,0.0,0
1779784330444,77210579655132602878492357649427279649460284073871805445292788504293203602349,0.495,0.01,0.99,0.98,0.0,0.0,0.495,0.0,0
1779784331447,77210579655132602878492357649427279649460284073871805445292788504293203602349,0.495,0.01,0.99,0.98,0.0,0.0,0.495,0.0,0
1779784332449,77210579655132602878492357649427279649460284073871805445292788504293203602349,0.495,0.01,0.99,0.98,0.0,0.0,0.495,0.0,0
1779784333448,77210579655132602878492357649427279649460284073871805445292788504293203602349,0.495,0.01,0.99,0.98,0.0,0.0,0.495,0.0,0
1779784334450,77210579655132602878492357649427279649460284073871805445292788504293203602349,0.495,0.01,0.99,0.98,0.0,0.0,0.495,0.0,0
1779784335445,77210579655132602878492357649427279649460284073871805445292788504293203602349,0.495,0.01,0.99,0.98,0.0,0.0,0.495,0.0,0
1779784336449,77210579655132602878492357649427279649460284073871805445292788504293203602349,0.495,0.01,0.99,0.98,0.0,0.0,0.495,0.0,0
1779784337464,77210579655132602878492357649427279649460284073871805445292788504293203602349,0.495,0.01,0.99,0.98,0.0,0.0,0.495,0.0,0
1779784338451,77210579655132602878492357649427279649460284073871805445292788504293203602349,0.495,0.01,0.99,0.98,0.0,0.0,0.495,0.0,0
1779784339463,77210579655132602878492357649427279649460284073871805445292788504293203602349,0.495,0.01,0.99,0.98,0.0,0.0,0.495,0.0,0
1779784340480,77210579655132602878492357649427279649460284073871805445292788504293203602349,0.495,0.01,0.99,0.98,0.0,0.0,0.495,0.0,0
1779784341445,77210579655132602878492357649427279649460284073871805445292788504293203602349,0.495,0.01,0.99,0.98,0.0,0.0,0.495,0.0,0
1779784342445,77210579655132602878492357649427279649460284073871805445292788504293203602349,0.495,0.01,0.99,0.98,0.0,0.0,0.495,0.0,0
1779784343449,77210579655132602878492357649427279649460284073871805445292788504293203602349,0.495,0.01,0.99,0.98,0.0,0.0,0.495,0.0,0
1779784344454,77210579655132602878492357649427279649460284073871805445292788504293203602349,0.495,0.01,0.99,0.98,0.0,0.0,0.495,0.0,0
1779784345447,77210579655132602878492357649427279649460284073871805445292788504293203602349,0.495,0.01,0.99,0.98,0.0,0.0,0.495,0.0,0
1779784346456,77210579655132602878492357649427279649460284073871805445292788504293203602349,0.495,0.01,0.99,0.98,0.0,0.0,0.495,0.0,0
1779784347489,77210579655132602878492357649427279649460284073871805445292788504293203602349,0.495,0.01,0.99,0.98,0.0,0.0,0.495,0.0,0
1779784348508,77210579655132602878492357649427279649460284073871805445292788504293203602349,0.495,0.01,0.99,0.98,0.0,0.0,0.495,0.0,0
1779784349442,77210579655132602878492357649427279649460284073871805445292788504293203602349,0.495,0.01,0.99,0.98,0.0,0.0,0.495,0.0,0
1779784350444,77210579655132602878492357649427279649460284073871805445292788504293203602349,0.495,0.01,0.99,0.98,0.0,0.0,0.495,0.0,0
1779784351449,77210579655132602878492357649427279649460284073871805445292788504293203602349,0.495,0.01,0.99,0.98,0.0,0.0,0.495,0.0,0
1779784352451,77210579655132602878492357649427279649460284073871805445292788504293203602349,0.495,0.01,0.99,0.98,0.0,0.0,0.495,0.0,0
1779784353448,77210579655132602878492357649427279649460284073871805445292788504293203602349,0.495,0.01,0.99,0.98,0.0,0.0,0.495,0.0,0
1779784354440,77210579655132602878492357649427279649460284073871805445292788504293203602349,0.495,0.01,0.99,0.98,0.0,0.0,0.495,0.0,0
1779784355458,77210579655132602878492357649427279649460284073871805445292788504293203602349,0.495,0.01,0.99,0.98,0.0,0.0,0.495,0.0,0
1779784356471,77210579655132602878492357649427279649460284073871805445292788504293203602349,0.495,0.01,0.99,0.98,0.0,0.0,0.495,0.0,0
1779784357475,77210579655132602878492357649427279649460284073871805445292788504293203602349,0.495,0.01,0.99,0.98,0.0,0.0,0.495,0.0,0
1779784358443,77210579655132602878492357649427279649460284073871805445292788504293203602349,0.495,0.01,0.99,0.98,0.0,0.0,0.495,0.0,0
1779784359446,77210579655132602878492357649427279649460284073871805445292788504293203602349,0.495,0.01,0.99,0.98,0.0,0.0,0.495,0.0,0
1779784360460,77210579655132602878492357649427279649460284073871805445292788504293203602349,0.495,0.01,0.99,0.98,0.0,0.0,0.495,0.0,0
1779784361445,77210579655132602878492357649427279649460284073871805445292788504293203602349,0.495,0.01,0.99,0.98,0.0,0.0,0.495,0.0,0
1779784362435,77210579655132602878492357649427279649460284073871805445292788504293203602349,0.495,0.01,0.99,0.98,0.0,0.0,0.495,0.0,0
1779784363443,77210579655132602878492357649427279649460284073871805445292788504293203602349,0.495,0.01,0.99,0.98,0.0,0.0,0.495,0.0,0
1779784364437,77210579655132602878492357649427279649460284073871805445292788504293203602349,0.495,0.01,0.99,0.98,0.0,0.0,0.495,0.0,0
1779784365459,77210579655132602878492357649427279649460284073871805445292788504293203602349,0.495,0.01,0.99,0.98,0.0,0.0,0.495,0.0,0
1779784366443,77210579655132602878492357649427279649460284073871805445292788504293203602349,0.495,0.01,0.99,0.98,0.0,0.0,0.495,0.0,0
1779784367450,77210579655132602878492357649427279649460284073871805445292788504293203602349,0.495,0.01,0.99,0.98,0.0,0.0,0.495,0.0,0
1779784368439,77210579655132602878492357649427279649460284073871805445292788504293203602349,0.495,0.01,0.99,0.98,0.0,0.0,0.495,0.0,0
1779784369455,77210579655132602878492357649427279649460284073871805445292788504293203602349,0.495,0.01,0.99,0.98,0.0,0.0,0.495,0.0,0
1779784370439,77210579655132602878492357649427279649460284073871805445292788504293203602349,0.495,0.01,0.99,0.98,0.0,0.0,0.495,0.0,0
1779784371449,77210579655132602878492357649427279649460284073871805445292788504293203602349,0.495,0.01,0.99,0.98,0.0,0.0,0.495,0.0,0
1779784372455,77210579655132602878492357649427279649460284073871805445292788504293203602349,0.495,0.01,0.99,0.98,0.0,0.0,0.495,0.0,0
1779784373442,77210579655132602878492357649427279649460284073871805445292788504293203602349,0.495,0.01,0.99,0.98,0.0,0.0,0.495,0.0,0
1779784374441,77210579655132602878492357649427279649460284073871805445292788504293203602349,0.495,0.01,0.99,0.98,0.0,0.0,0.495,0.0,0
1779784375438,77210579655132602878492357649427279649460284073871805445292788504293203602349,0.495,0.01,0.99,0.98,0.0,0.0,0.495,0.0,0
1779784376449,77210579655132602878492357649427279649460284073871805445292788504293203602349,0.495,0.01,0.99,0.98,0.0,0.0,0.495,0.0,0
1779784377454,77210579655132602878492357649427279649460284073871805445292788504293203602349,0.495,0.01,0.99,0.98,0.0,0.0,0.495,0.0,0
1779784378443,77210579655132602878492357649427279649460284073871805445292788504293203602349,0.495,0.01,0.99,0.98,0.0,0.0,0.495,0.0,0
1779784379440,77210579655132602878492357649427279649460284073871805445292788504293203602349,0.495,0.01,0.99,0.98,0.0,0.0,0.495,0.0,0
1779784380448,77210579655132602878492357649427279649460284073871805445292788504293203602349,0.495,0.01,0.99,0.98,0.0,0.0,0.495,0.0,0
1779784381444,77210579655132602878492357649427279649460284073871805445292788504293203602349,0.495,0.01,0.99,0.98,0.0,0.0,0.495,0.0,0
1779784382452,77210579655132602878492357649427279649460284073871805445292788504293203602349,0.495,0.01,0.99,0.98,0.0,0.0,0.495,0.0,0
1779784383616,77210579655132602878492357649427279649460284073871805445292788504293203602349,0.495,0.01,0.99,0.98,0.0,0.0,0.495,0.0,0
1779784384440,77210579655132602878492357649427279649460284073871805445292788504293203602349,0.495,0.01,0.99,0.98,0.0,0.0,0.495,0.0,0
1779784385451,77210579655132602878492357649427279649460284073871805445292788504293203602349,0.495,0.01,0.99,0.98,0.0,0.0,0.495,0.0,0
1779784386455,77210579655132602878492357649427279649460284073871805445292788504293203602349,0.495,0.01,0.99,0.98,0.0,0.0,0.495,0.0,0
1779784387446,77210579655132602878492357649427279649460284073871805445292788504293203602349,0.495,0.01,0.99,0.98,0.0,0.0,0.495,0.0,0
1779784388433,77210579655132602878492357649427279649460284073871805445292788504293203602349,0.495,0.01,0.99,0.98,0.0,0.0,0.495,0.0,0
1779784389444,77210579655132602878492357649427279649460284073871805445292788504293203602349,0.495,0.01,0.99,0.98,0.0,0.0,0.495,0.0,0
1779784390459,77210579655132602878492357649427279649460284073871805445292788504293203602349,0.495,0.01,0.99,0.98,0.0,0.0,0.495,0.0,0
1779784391532,77210579655132602878492357649427279649460284073871805445292788504293203602349,0.495,0.01,0.99,0.98,0.0,0.0,0.495,0.0,0
1779784392452,77210579655132602878492357649427279649460284073871805445292788504293203602349,0.495,0.01,0.99,0.98,0.0,0.0,0.495,0.0,0
1779784393449,77210579655132602878492357649427279649460284073871805445292788504293203602349,0.495,0.01,0.99,0.98,0.0,0.0,0.495,0.0,0
1779784394434,77210579655132602878492357649427279649460284073871805445292788504293203602349,0.495,0.01,0.99,0.98,0.0,0.0,0.495,0.0,0
1779784395448,77210579655132602878492357649427279649460284073871805445292788504293203602349,0.495,0.01,0.99,0.98,0.0,0.0,0.495,0.0,0
1779784396455,77210579655132602878492357649427279649460284073871805445292788504293203602349,0.495,0.01,0.99,0.98,0.0,0.0,0.495,0.0,0
1779784397486,77210579655132602878492357649427279649460284073871805445292788504293203602349,0.495,0.01,0.99,0.98,0.0,0.0,0.495,0.0,0
1779784398612,77210579655132602878492357649427279649460284073871805445292788504293203602349,0.495,0.01,0.99,0.98,0.0,0.0,0.495,0.0,0
1779784399490,77210579655132602878492357649427279649460284073871805445292788504293203602349,0.495,0.01,0.99,0.98,0.0,0.0,0.495,0.0,0
1779784400465,77210579655132602878492357649427279649460284073871805445292788504293203602349,0.495,0.01,0.99,0.98,0.0,0.0,0.495,0.0,0
1779784401438,77210579655132602878492357649427279649460284073871805445292788504293203602349,0.495,0.01,0.99,0.98,0.0,0.0,0.495,0.0,0
1779784402459,77210579655132602878492357649427279649460284073871805445292788504293203602349,0.495,0.01,0.99,0.98,0.0,0.0,0.495,0.0,0
1779784403447,77210579655132602878492357649427279649460284073871805445292788504293203602349,0.495,0.01,0.99,0.98,0.0,0.0,0.495,0.0,0
1779784404443,77210579655132602878492357649427279649460284073871805445292788504293203602349,0.495,0.01,0.99,0.98,0.0,0.0,0.495,0.0,0
1779784405454,77210579655132602878492357649427279649460284073871805445292788504293203602349,0.495,0.01,0.99,0.98,0.0,0.0,0.495,0.0,0
1779784406447,77210579655132602878492357649427279649460284073871805445292788504293203602349,0.495,0.01,0.99,0.98,0.0,0.0,0.495,0.0,0
1779784407454,77210579655132602878492357649427279649460284073871805445292788504293203602349,0.495,0.01,0.99,0.98,0.0,0.0,0.495,0.0,0
1779784408453,77210579655132602878492357649427279649460284073871805445292788504293203602349,0.495,0.01,0.99,0.98,0.0,0.0,0.495,0.0,0
1779784409440,77210579655132602878492357649427279649460284073871805445292788504293203602349,0.495,0.01,0.99,0.98,0.0,0.0,0.495,0.0,0
1779784410447,77210579655132602878492357649427279649460284073871805445292788504293203602349,0.495,0.01,0.99,0.98,0.0,0.0,0.495,0.0,0
1779784411451,77210579655132602878492357649427279649460284073871805445292788504293203602349,0.495,0.01,0.99,0.98,0.0,0.0,0.495,0.0,0
1779784412459,77210579655132602878492357649427279649460284073871805445292788504293203602349,0.495,0.01,0.99,0.98,0.0,0.0,0.495,0.0,0
1779784413508,77210579655132602878492357649427279649460284073871805445292788504293203602349,0.495,0.01,0.99,0.98,0.0,0.0,0.495,0.0,0
1779784414446,77210579655132602878492357649427279649460284073871805445292788504293203602349,0.495,0.01,0.99,0.98,0.0,0.0,0.495,0.0,0
1779784415450,77210579655132602878492357649427279649460284073871805445292788504293203602349,0.495,0.01,0.99,0.98,0.0,0.0,0.495,0.0,0
1779784416451,77210579655132602878492357649427279649460284073871805445292788504293203602349,0.495,0.01,0.99,0.98,0.0,0.0,0.495,0.0,0
1779784417451,77210579655132602878492357649427279649460284073871805445292788504293203602349,0.495,0.01,0.99,0.98,0.0,0.0,0.495,0.0,0
1779784418446,77210579655132602878492357649427279649460284073871805445292788504293203602349,0.495,0.01,0.99,0.98,0.0,0.0,0.495,0.0,0
1779784419492,77210579655132602878492357649427279649460284073871805445292788504293203602349,0.495,0.01,0.99,0.98,0.0,0.0,0.495,0.0,0
1779784420442,77210579655132602878492357649427279649460284073871805445292788504293203602349,0.495,0.01,0.99,0.98,0.0,0.0,0.495,0.0,0
1779784421439,77210579655132602878492357649427279649460284073871805445292788504293203602349,0.495,0.01,0.99,0.98,0.0,0.0,0.495,0.0,0
1779784422444,77210579655132602878492357649427279649460284073871805445292788504293203602349,0.495,0.01,0.99,0.98,0.0,0.0,0.495,0.0,0
1779784423443,77210579655132602878492357649427279649460284073871805445292788504293203602349,0.495,0.01,0.99,0.98,0.0,0.0,0.495,0.0,0
1779784424445,77210579655132602878492357649427279649460284073871805445292788504293203602349,0.495,0.01,0.99,0.98,0.0,0.0,0.495,0.0,0
1779784425467,77210579655132602878492357649427279649460284073871805445292788504293203602349,0.495,0.01,0.99,0.98,0.0,0.0,0.495,0.0,0
1779784426442,77210579655132602878492357649427279649460284073871805445292788504293203602349,0.495,0.01,0.99,0.98,0.0,0.0,0.495,0.0,0
1779784427447,77210579655132602878492357649427279649460284073871805445292788504293203602349,0.495,0.01,0.99,0.98,0.0,0.0,0.495,0.0,0
1779784428448,77210579655132602878492357649427279649460284073871805445292788504293203602349,0.495,0.01,0.99,0.98,0.0,0.0,0.495,0.0,0
1779784429597,77210579655132602878492357649427279649460284073871805445292788504293203602349,0.495,0.01,0.99,0.98,0.0,0.0,0.495,0.0,0
1779784430460,77210579655132602878492357649427279649460284073871805445292788504293203602349,0.495,0.01,0.99,0.98,0.0,0.0,0.495,0.0,0
1779784431444,77210579655132602878492357649427279649460284073871805445292788504293203602349,0.495,0.01,0.99,0.98,0.0,0.0,0.495,0.0,0
1779784432444,77210579655132602878492357649427279649460284073871805445292788504293203602349,0.495,0.01,0.99,0.98,0.0,0.0,0.495,0.0,0
1779784433456,77210579655132602878492357649427279649460284073871805445292788504293203602349,0.495,0.01,0.99,0.98,0.0,0.0,0.495,0.0,0
1779784434462,77210579655132602878492357649427279649460284073871805445292788504293203602349,0.495,0.01,0.99,0.98,0.0,0.0,0.495,0.0,0
1779784435440,77210579655132602878492357649427279649460284073871805445292788504293203602349,0.495,0.01,0.99,0.98,0.0,0.0,0.495,0.0,0
1779784436477,77210579655132602878492357649427279649460284073871805445292788504293203602349,0.495,0.01,0.99,0.98,0.0,0.0,0.495,0.0,0
1779784437438,77210579655132602878492357649427279649460284073871805445292788504293203602349,0.495,0.01,0.99,0.98,0.0,0.0,0.495,0.0,0
1779784438443,77210579655132602878492357649427279649460284073871805445292788504293203602349,0.495,0.01,0.99,0.98,0.0,0.0,0.495,0.0,0
1779784439438,77210579655132602878492357649427279649460284073871805445292788504293203602349,0.495,0.01,0.99,0.98,0.0,0.0,0.495,0.0,0
1779784440448,77210579655132602878492357649427279649460284073871805445292788504293203602349,0.495,0.01,0.99,0.98,0.0,0.0,0.495,0.0,0
1779784441458,77210579655132602878492357649427279649460284073871805445292788504293203602349,0.495,0.01,0.99,0.98,0.0,0.0,0.495,0.0,0
1779784442440,77210579655132602878492357649427279649460284073871805445292788504293203602349,0.495,0.01,0.99,0.98,0.0,0.0,0.495,0.0,0
1779784443446,77210579655132602878492357649427279649460284073871805445292788504293203602349,0.495,0.01,0.99,0.98,0.0,0.0,0.495,0.0,0
1779784444446,77210579655132602878492357649427279649460284073871805445292788504293203602349,0.495,0.01,0.99,0.98,0.0,0.0,0.495,0.0,0
1779784445460,77210579655132602878492357649427279649460284073871805445292788504293203602349,0.495,0.01,0.99,0.98,0.0,0.0,0.495,0.0,0
1779784446476,77210579655132602878492357649427279649460284073871805445292788504293203602349,0.495,0.01,0.99,0.98,0.0,0.0,0.495,0.0,0
1779784447437,77210579655132602878492357649427279649460284073871805445292788504293203602349,0.495,0.01,0.99,0.98,0.0,0.0,0.495,0.0,0
1779784448454,77210579655132602878492357649427279649460284073871805445292788504293203602349,0.495,0.01,0.99,0.98,0.0,0.0,0.495,0.0,0
1779784449446,77210579655132602878492357649427279649460284073871805445292788504293203602349,0.495,0.01,0.99,0.98,0.0,0.0,0.495,0.0,0
1779784450444,77210579655132602878492357649427279649460284073871805445292788504293203602349,0.495,0.01,0.99,0.98,0.0,0.0,0.495,0.0,0
1779784451451,77210579655132602878492357649427279649460284073871805445292788504293203602349,0.495,0.01,0.99,0.98,0.0,0.0,0.495,0.0,0
1779784452452,77210579655132602878492357649427279649460284073871805445292788504293203602349,0.495,0.01,0.99,0.98,0.0,0.0,0.495,0.0,0
1779784453446,77210579655132602878492357649427279649460284073871805445292788504293203602349,0.495,0.01,0.99,0.98,0.0,0.0,0.495,0.0,0
1779784454438,77210579655132602878492357649427279649460284073871805445292788504293203602349,0.495,0.01,0.99,0.98,0.0,0.0,0.495,0.0,0
1779784455450,77210579655132602878492357649427279649460284073871805445292788504293203602349,0.495,0.01,0.99,0.98,0.0,0.0,0.495,0.0,0
1779784456455,77210579655132602878492357649427279649460284073871805445292788504293203602349,0.495,0.01,0.99,0.98,0.0,0.0,0.495,0.0,0
1779784457443,77210579655132602878492357649427279649460284073871805445292788504293203602349,0.495,0.01,0.99,0.98,0.0,0.0,0.495,0.0,0
1779784458464,77210579655132602878492357649427279649460284073871805445292788504293203602349,0.495,0.01,0.99,0.98,0.0,0.0,0.495,0.0,0
1779784459458,77210579655132602878492357649427279649460284073871805445292788504293203602349,0.495,0.01,0.99,0.98,0.0,0.0,0.495,0.0,0
1779784460453,77210579655132602878492357649427279649460284073871805445292788504293203602349,0.495,0.01,0.99,0.98,0.0,0.0,0.495,0.0,0
1779784461450,77210579655132602878492357649427279649460284073871805445292788504293203602349,0.495,0.01,0.99,0.98,0.0,0.0,0.495,0.0,0
1779784462465,77210579655132602878492357649427279649460284073871805445292788504293203602349,0.495,0.01,0.99,0.98,0.0,0.0,0.495,0.0,0
1779784463446,77210579655132602878492357649427279649460284073871805445292788504293203602349,0.495,0.01,0.99,0.98,0.0,0.0,0.495,0.0,0
1779784464461,77210579655132602878492357649427279649460284073871805445292788504293203602349,0.495,0.01,0.99,0.98,0.0,0.0,0.495,0.0,0
1779784465447,77210579655132602878492357649427279649460284073871805445292788504293203602349,0.495,0.01,0.99,0.98,0.0,0.0,0.495,0.0,0
1779784466466,77210579655132602878492357649427279649460284073871805445292788504293203602349,0.495,0.01,0.99,0.98,0.0,0.0,0.495,0.0,0
1779784467448,77210579655132602878492357649427279649460284073871805445292788504293203602349,0.495,0.01,0.99,0.98,0.0,0.0,0.495,0.0,0
1779784468461,77210579655132602878492357649427279649460284073871805445292788504293203602349,0.495,0.01,0.99,0.98,0.0,0.0,0.495,0.0,0
1779784469447,77210579655132602878492357649427279649460284073871805445292788504293203602349,0.495,0.01,0.99,0.98,0.0,0.0,0.495,0.0,0
1779784470443,77210579655132602878492357649427279649460284073871805445292788504293203602349,0.495,0.01,0.99,0.98,0.0,0.0,0.495,0.0,0
1779784471449,77210579655132602878492357649427279649460284073871805445292788504293203602349,0.495,0.01,0.99,0.98,0.0,0.0,0.495,0.0,0
1779784472444,77210579655132602878492357649427279649460284073871805445292788504293203602349,0.495,0.01,0.99,0.98,0.0,0.0,0.495,0.0,0
1779784473447,77210579655132602878492357649427279649460284073871805445292788504293203602349,0.495,0.01,0.99,0.98,0.0,0.0,0.495,0.0,0
1779784474439,77210579655132602878492357649427279649460284073871805445292788504293203602349,0.495,0.01,0.99,0.98,0.0,0.0,0.495,0.0,0
1779784475460,77210579655132602878492357649427279649460284073871805445292788504293203602349,0.495,0.01,0.99,0.98,0.0,0.0,0.495,0.0,0
1779784476451,77210579655132602878492357649427279649460284073871805445292788504293203602349,0.495,0.01,0.99,0.98,0.0,0.0,0.495,0.0,0
1779784477447,77210579655132602878492357649427279649460284073871805445292788504293203602349,0.495,0.01,0.99,0.98,0.0,0.0,0.495,0.0,0
1779784478453,77210579655132602878492357649427279649460284073871805445292788504293203602349,0.495,0.01,0.99,0.98,0.0,0.0,0.495,0.0,0
1779784479465,77210579655132602878492357649427279649460284073871805445292788504293203602349,0.495,0.01,0.99,0.98,0.0,0.0,0.495,0.0,0
1779784480456,77210579655132602878492357649427279649460284073871805445292788504293203602349,0.495,0.01,0.99,0.98,0.0,0.0,0.495,0.0,0
1779784481444,77210579655132602878492357649427279649460284073871805445292788504293203602349,0.495,0.01,0.99,0.98,0.0,0.0,0.495,0.0,0
1779784482454,77210579655132602878492357649427279649460284073871805445292788504293203602349,0.495,0.01,0.99,0.98,0.0,0.0,0.495,0.0,0
1779784483478,77210579655132602878492357649427279649460284073871805445292788504293203602349,0.495,0.01,0.99,0.98,0.0,0.0,0.495,0.0,0
1779784484511,77210579655132602878492357649427279649460284073871805445292788504293203602349,0.495,0.01,0.99,0.98,0.0,0.0,0.495,0.0,0
1779784485501,77210579655132602878492357649427279649460284073871805445292788504293203602349,0.495,0.01,0.99,0.98,0.0,0.0,0.495,0.0,0
1779784486464,77210579655132602878492357649427279649460284073871805445292788504293203602349,0.495,0.01,0.99,0.98,0.0,0.0,0.495,0.0,0
1779784487452,77210579655132602878492357649427279649460284073871805445292788504293203602349,0.495,0.01,0.99,0.98,0.0,0.0,0.495,0.0,0
1779784488454,77210579655132602878492357649427279649460284073871805445292788504293203602349,0.495,0.01,0.99,0.98,0.0,0.0,0.495,0.0,0
1779784489451,77210579655132602878492357649427279649460284073871805445292788504293203602349,0.495,0.01,0.99,0.98,0.0,0.0,0.495,0.0,0
1779784490446,77210579655132602878492357649427279649460284073871805445292788504293203602349,0.495,0.01,0.99,0.98,0.0,0.0,0.495,0.0,0
1779784491443,77210579655132602878492357649427279649460284073871805445292788504293203602349,0.495,0.01,0.99,0.98,0.0,0.0,0.495,0.0,0
1779784492460,77210579655132602878492357649427279649460284073871805445292788504293203602349,0.495,0.01,0.99,0.98,0.0,0.0,0.495,0.0,0
1779784493596,77210579655132602878492357649427279649460284073871805445292788504293203602349,0.495,0.01,0.99,0.98,0.0,0.0,0.495,0.0,0
1779784494449,77210579655132602878492357649427279649460284073871805445292788504293203602349,0.495,0.01,0.99,0.98,0.0,0.0,0.495,0.0,0
1779784495451,77210579655132602878492357649427279649460284073871805445292788504293203602349,0.495,0.01,0.99,0.98,0.0,0.0,0.495,0.0,0
1779784496453,77210579655132602878492357649427279649460284073871805445292788504293203602349,0.495,0.01,0.99,0.98,0.0,0.0,0.495,0.0,0
1779784497449,77210579655132602878492357649427279649460284073871805445292788504293203602349,0.495,0.01,0.99,0.98,0.0,0.0,0.495,0.0,0
1779784498452,77210579655132602878492357649427279649460284073871805445292788504293203602349,0.495,0.01,0.99,0.98,0.0,0.0,0.495,0.0,0
1779784499437,77210579655132602878492357649427279649460284073871805445292788504293203602349,0.495,0.01,0.99,0.98,0.0,0.0,0.495,0.0,0
1779784500459,77210579655132602878492357649427279649460284073871805445292788504293203602349,0.495,0.01,0.99,0.98,0.0,0.0,0.495,0.0,0
1779784501452,77210579655132602878492357649427279649460284073871805445292788504293203602349,0.495,0.01,0.99,0.98,0.0,0.0,0.495,0.0,0
1779784502458,77210579655132602878492357649427279649460284073871805445292788504293203602349,0.495,0.01,0.99,0.98,0.0,0.0,0.495,0.0,0
1779784503455,77210579655132602878492357649427279649460284073871805445292788504293203602349,0.495,0.01,0.99,0.98,0.0,0.0,0.495,0.0,0
1779784504454,77210579655132602878492357649427279649460284073871805445292788504293203602349,0.495,0.01,0.99,0.98,0.0,0.0,0.495,0.0,0
1779784505450,77210579655132602878492357649427279649460284073871805445292788504293203602349,0.495,0.01,0.99,0.98,0.0,0.0,0.495,0.0,0
1779784506467,77210579655132602878492357649427279649460284073871805445292788504293203602349,0.495,0.01,0.99,0.98,0.0,0.0,0.495,0.0,0
1779784507448,77210579655132602878492357649427279649460284073871805445292788504293203602349,0.495,0.01,0.99,0.98,0.0,0.0,0.495,0.0,0
1779784508456,77210579655132602878492357649427279649460284073871805445292788504293203602349,0.495,0.01,0.99,0.98,0.0,0.0,0.495,0.0,0
1779784509457,77210579655132602878492357649427279649460284073871805445292788504293203602349,0.495,0.01,0.99,0.98,0.0,0.0,0.495,0.0,0
1779784510480,77210579655132602878492357649427279649460284073871805445292788504293203602349,0.495,0.01,0.99,0.98,0.0,0.0,0.495,0.0,0
1779784511438,77210579655132602878492357649427279649460284073871805445292788504293203602349,0.495,0.01,0.99,0.98,0.0,0.0,0.495,0.0,0
1779784512495,77210579655132602878492357649427279649460284073871805445292788504293203602349,0.495,0.01,0.99,0.98,0.0,0.0,0.495,0.0,0
1779784513450,77210579655132602878492357649427279649460284073871805445292788504293203602349,0.495,0.01,0.99,0.98,0.0,0.0,0.495,0.0,0
1779784514441,77210579655132602878492357649427279649460284073871805445292788504293203602349,0.495,0.01,0.99,0.98,0.0,0.0,0.495,0.0,0
1779784515452,77210579655132602878492357649427279649460284073871805445292788504293203602349,0.495,0.01,0.99,0.98,0.0,0.0,0.495,0.0,0
1779784516446,77210579655132602878492357649427279649460284073871805445292788504293203602349,0.495,0.01,0.99,0.98,0.0,0.0,0.495,0.0,0
1779784517456,77210579655132602878492357649427279649460284073871805445292788504293203602349,0.495,0.01,0.99,0.98,0.0,0.0,0.495,0.0,0
1779784518446,77210579655132602878492357649427279649460284073871805445292788504293203602349,0.495,0.01,0.99,0.98,0.0,0.0,0.495,0.0,0
1779784519502,77210579655132602878492357649427279649460284073871805445292788504293203602349,0.495,0.01,0.99,0.98,0.0,0.0,0.495,0.0,0
1779784520520,77210579655132602878492357649427279649460284073871805445292788504293203602349,0.495,0.01,0.99,0.98,0.0,0.0,0.495,0.0,0
1779784521444,77210579655132602878492357649427279649460284073871805445292788504293203602349,0.495,0.01,0.99,0.98,0.0,0.0,0.495,0.0,0
1779784522486,77210579655132602878492357649427279649460284073871805445292788504293203602349,0.495,0.01,0.99,0.98,0.0,0.0,0.495,0.0,0
1779784523472,77210579655132602878492357649427279649460284073871805445292788504293203602349,0.495,0.01,0.99,0.98,0.0,0.0,0.495,0.0,0
1779784524453,77210579655132602878492357649427279649460284073871805445292788504293203602349,0.495,0.01,0.99,0.98,0.0,0.0,0.495,0.0,0
1779784525455,77210579655132602878492357649427279649460284073871805445292788504293203602349,0.495,0.01,0.99,0.98,0.0,0.0,0.495,0.0,0
1779784526468,77210579655132602878492357649427279649460284073871805445292788504293203602349,0.495,0.01,0.99,0.98,0.0,0.0,0.495,0.0,0
1779784527454,77210579655132602878492357649427279649460284073871805445292788504293203602349,0.495,0.01,0.99,0.98,0.0,0.0,0.495,0.0,0
1779784528460,77210579655132602878492357649427279649460284073871805445292788504293203602349,0.495,0.01,0.99,0.98,0.0,0.0,0.495,0.0,0
1779784529449,77210579655132602878492357649427279649460284073871805445292788504293203602349,0.495,0.01,0.99,0.98,0.0,0.0,0.495,0.0,0
1779784530458,77210579655132602878492357649427279649460284073871805445292788504293203602349,0.495,0.01,0.99,0.98,0.0,0.0,0.495,0.0,0
1779784531452,77210579655132602878492357649427279649460284073871805445292788504293203602349,0.495,0.01,0.99,0.98,0.0,0.0,0.495,0.0,0
1779784532534,77210579655132602878492357649427279649460284073871805445292788504293203602349,0.495,0.01,0.99,0.98,0.0,0.0,0.495,0.0,0
1779784533463,77210579655132602878492357649427279649460284073871805445292788504293203602349,0.495,0.01,0.99,0.98,0.0,0.0,0.495,0.0,0
1779784534508,77210579655132602878492357649427279649460284073871805445292788504293203602349,0.495,0.01,0.99,0.98,0.0,0.0,0.495,0.0,0
1779784535510,77210579655132602878492357649427279649460284073871805445292788504293203602349,0.495,0.01,0.99,0.98,0.0,0.0,0.495,0.0,0
1779784536454,77210579655132602878492357649427279649460284073871805445292788504293203602349,0.495,0.01,0.99,0.98,0.0,0.0,0.495,0.0,0
1779784537445,77210579655132602878492357649427279649460284073871805445292788504293203602349,0.495,0.01,0.99,0.98,0.0,0.0,0.495,0.0,0
1779784538455,77210579655132602878492357649427279649460284073871805445292788504293203602349,0.495,0.01,0.99,0.98,0.0,0.0,0.495,0.0,0
1779784539463,77210579655132602878492357649427279649460284073871805445292788504293203602349,0.495,0.01,0.99,0.98,0.0,0.0,0.495,0.0,0
1779784540570,77210579655132602878492357649427279649460284073871805445292788504293203602349,0.495,0.01,0.99,0.98,0.0,0.0,0.495,0.0,0
1779784541450,77210579655132602878492357649427279649460284073871805445292788504293203602349,0.495,0.01,0.99,0.98,0.0,0.0,0.495,0.0,0
1779784542495,77210579655132602878492357649427279649460284073871805445292788504293203602349,0.495,0.01,0.99,0.98,0.0,0.0,0.495,0.0,0
1779784543449,77210579655132602878492357649427279649460284073871805445292788504293203602349,0.495,0.01,0.99,0.98,0.0,0.0,0.495,0.0,0
1779784544462,77210579655132602878492357649427279649460284073871805445292788504293203602349,0.495,0.01,0.99,0.98,0.0,0.0,0.495,0.0,0
1779784545505,77210579655132602878492357649427279649460284073871805445292788504293203602349,0.495,0.01,0.99,0.98,0.0,0.0,0.495,0.0,0
1779784546450,77210579655132602878492357649427279649460284073871805445292788504293203602349,0.495,0.01,0.99,0.98,0.0,0.0,0.495,0.0,0
1779784547454,77210579655132602878492357649427279649460284073871805445292788504293203602349,0.495,0.01,0.99,0.98,0.0,0.0,0.495,0.0,0
1779784548453,77210579655132602878492357649427279649460284073871805445292788504293203602349,0.495,0.01,0.99,0.98,0.0,0.0,0.495,0.0,0
1779784549484,77210579655132602878492357649427279649460284073871805445292788504293203602349,0.495,0.01,0.99,0.98,0.0,0.0,0.495,0.0,0
1779784550475,77210579655132602878492357649427279649460284073871805445292788504293203602349,0.495,0.01,0.99,0.98,0.0,0.0,0.495,0.0,0
1779784551456,77210579655132602878492357649427279649460284073871805445292788504293203602349,0.495,0.01,0.99,0.98,0.0,0.0,0.495,0.0,0
1779784552482,77210579655132602878492357649427279649460284073871805445292788504293203602349,0.495,0.01,0.99,0.98,0.0,0.0,0.495,0.0,0
1779784553453,77210579655132602878492357649427279649460284073871805445292788504293203602349,0.495,0.01,0.99,0.98,0.0,0.0,0.495,0.0,0
1779784554445,77210579655132602878492357649427279649460284073871805445292788504293203602349,0.495,0.01,0.99,0.98,0.0,0.0,0.495,0.0,0
1779784555508,77210579655132602878492357649427279649460284073871805445292788504293203602349,0.495,0.01,0.99,0.98,0.0,0.0,0.495,0.0,0
1779784556454,77210579655132602878492357649427279649460284073871805445292788504293203602349,0.495,0.01,0.99,0.98,0.0,0.0,0.495,0.0,0
1779784557517,77210579655132602878492357649427279649460284073871805445292788504293203602349,0.495,0.01,0.99,0.98,0.0,0.0,0.495,0.0,0
1779784558525,77210579655132602878492357649427279649460284073871805445292788504293203602349,0.495,0.01,0.99,0.98,0.0,0.0,0.495,0.0,0
1779784559462,77210579655132602878492357649427279649460284073871805445292788504293203602349,0.495,0.01,0.99,0.98,0.0,0.0,0.495,0.0,0
1779784560448,77210579655132602878492357649427279649460284073871805445292788504293203602349,0.495,0.01,0.99,0.98,0.0,0.0,0.495,0.0,0
1779784561457,77210579655132602878492357649427279649460284073871805445292788504293203602349,0.495,0.01,0.99,0.98,0.0,0.0,0.495,0.0,0
1779784562479,77210579655132602878492357649427279649460284073871805445292788504293203602349,0.495,0.01,0.99,0.98,0.0,0.0,0.495,0.0,0
1779784563457,77210579655132602878492357649427279649460284073871805445292788504293203602349,0.495,0.01,0.99,0.98,0.0,0.0,0.495,0.0,0
1779784564448,77210579655132602878492357649427279649460284073871805445292788504293203602349,0.495,0.01,0.99,0.98,0.0,0.0,0.495,0.0,0
1779784565469,77210579655132602878492357649427279649460284073871805445292788504293203602349,0.495,0.01,0.99,0.98,0.0,0.0,0.495,0.0,0
1779784566447,77210579655132602878492357649427279649460284073871805445292788504293203602349,0.495,0.01,0.99,0.98,0.0,0.0,0.495,0.0,0
1779784567448,77210579655132602878492357649427279649460284073871805445292788504293203602349,0.495,0.01,0.99,0.98,0.0,0.0,0.495,0.0,0
1779784568459,77210579655132602878492357649427279649460284073871805445292788504293203602349,0.495,0.01,0.99,0.98,0.0,0.0,0.495,0.0,0
1779784569448,77210579655132602878492357649427279649460284073871805445292788504293203602349,0.495,0.01,0.99,0.98,0.0,0.0,0.495,0.0,0
1779784570449,77210579655132602878492357649427279649460284073871805445292788504293203602349,0.495,0.01,0.99,0.98,0.0,0.0,0.495,0.0,0
1779784571454,77210579655132602878492357649427279649460284073871805445292788504293203602349,0.495,0.01,0.99,0.98,0.0,0.0,0.495,0.0,0
1779784572446,77210579655132602878492357649427279649460284073871805445292788504293203602349,0.495,0.01,0.99,0.98,0.0,0.0,0.495,0.0,0
1779784573457,77210579655132602878492357649427279649460284073871805445292788504293203602349,0.495,0.01,0.99,0.98,0.0,0.0,0.495,0.0,0
1779784574460,77210579655132602878492357649427279649460284073871805445292788504293203602349,0.495,0.01,0.99,0.98,0.0,0.0,0.495,0.0,0
1779784575462,77210579655132602878492357649427279649460284073871805445292788504293203602349,0.495,0.01,0.99,0.98,0.0,0.0,0.495,0.0,0
1779784576455,77210579655132602878492357649427279649460284073871805445292788504293203602349,0.495,0.01,0.99,0.98,0.0,0.0,0.495,0.0,0
1779784577450,77210579655132602878492357649427279649460284073871805445292788504293203602349,0.495,0.01,0.99,0.98,0.0,0.0,0.495,0.0,0
1779784578453,77210579655132602878492357649427279649460284073871805445292788504293203602349,0.495,0.01,0.99,0.98,0.0,0.0,0.495,0.0,0
1779784579461,77210579655132602878492357649427279649460284073871805445292788504293203602349,0.495,0.01,0.99,0.98,0.0,0.0,0.495,0.0,0
1779784580443,77210579655132602878492357649427279649460284073871805445292788504293203602349,0.495,0.01,0.99,0.98,0.0,0.0,0.495,0.0,0
1779784581453,77210579655132602878492357649427279649460284073871805445292788504293203602349,0.495,0.01,0.99,0.98,0.0,0.0,0.495,0.0,0
